sid,DOI,figureid,fignum,sampleid,samplename,composition,Temperature,Carrier concentration,Carrier mobility,Electrical conductivity,Electrical resistivity,Hall coefficient,Hall movility,Lattice thermal conductivity,Resistivity,Seebeck coefficient,Thermal conductivity,ZT,Power factor,Figure of merit Z
21449,10.15541/jim20180249,25307,6(a)(i),31533,(Ag2Se)1–x(Bi2Se3)x_ x=0.50,undefined,350,,,11244,0.000088933,4.761e-7,0.00942,0.61164,,-0.00015313,0.67796,0.12782,0.0002636583,0.0003888995
21449,10.15541/jim20180249,25307,6(a)(i),31533,(Ag2Se)1–x(Bi2Se3)x_ x=0.50,undefined,400,,,8607.3,0.00011618,4.272e-7,0.0085539,0.57995,,-0.00016543,0.64341,0.15564,0.0002355567,0.0003661067
21449,10.15541/jim20180249,25307,6(a)(i),31533,(Ag2Se)1–x(Bi2Se3)x_ x=0.50,undefined,450,,,6972,0.00014343,3.697e-7,0.0076879,0.54826,,-0.00017774,0.60886,0.18346,0.000220256,0.0003617515
21449,10.15541/jim20180249,25307,6(a)(i),31533,(Ag2Se)1–x(Bi2Se3)x_ x=0.50,undefined,500,,,5858.9,0.00017068,3.036e-7,0.0068219,0.51657,,-0.00019004,0.57431,0.21128,0.0002115954,0.000368434
21449,10.15541/jim20180249,25307,6(a)(i),31533,(Ag2Se)1–x(Bi2Se3)x_ x=0.50,undefined,550,,,5052.3,0.00019793,2.289e-7,0.0059559,0.48489,,-0.00020234,0.53976,0.2391,0.0002068486,0.0003832233
21449,10.15541/jim20180249,25307,6(a)(i),31533,(Ag2Se)1–x(Bi2Se3)x_ x=0.50,undefined,600,,,4440.9,0.00022518,1.456e-7,0.0050899,0.4532,,-0.00021465,0.50521,0.26692,0.0002046128,0.0004050054
21449,10.15541/jim20180249,25307,6(a)(i),31533,(Ag2Se)1–x(Bi2Se3)x_ x=0.50,undefined,650,,,3961.7,0.00025242,5.38e-8,0.0042238,0.42151,,-0.00022695,0.47066,0.29474,0.0002040525,0.0004335455
21449,10.15541/jim20180249,25307,6(a)(i),31533,(Ag2Se)1–x(Bi2Se3)x_ x=0.50,undefined,700,,,3575.6,0.00027967,-4.66e-8,,,,-0.00023925,0.43611,0.32851,0.0002046694,0.0004693067
21449,10.15541/jim20180249,25307,6(a)(i),31534,(Ag2Se)1–x(Bi2Se3)x_ x=0.51,undefined,300,,,,,1.781e-7,,,,-0.000079016,,,,
21449,10.15541/jim20180249,25307,6(a)(i),31534,(Ag2Se)1–x(Bi2Se3)x_ x=0.51,undefined,350,,,32099,0.000031154,1.924e-7,0.0093418,0.62168,,-0.000099311,0.78567,0.1042,0.000316582,0.0004029453
21449,10.15541/jim20180249,25307,6(a)(i),31534,(Ag2Se)1–x(Bi2Se3)x_ x=0.51,undefined,400,,,17827,0.000056094,1.958e-7,0.0084807,0.58678,,-0.00011961,0.73433,0.14808,0.0002550429,0.0003473137
21449,10.15541/jim20180249,25307,6(a)(i),31534,(Ag2Se)1–x(Bi2Se3)x_ x=0.51,undefined,450,,,12340,0.000081035,1.885e-7,0.0076197,0.55188,,-0.0001399,0.683,0.19196,0.0002415186,0.0003536144
21449,10.15541/jim20180249,25307,6(a)(i),31534,(Ag2Se)1–x(Bi2Se3)x_ x=0.51,undefined,500,,,9435.7,0.00010598,1.704e-7,0.0067586,0.51698,,-0.0001602,0.63166,0.23584,0.0002421582,0.0003833679
21449,10.15541/jim20180249,25307,6(a)(i),31534,(Ag2Se)1–x(Bi2Se3)x_ x=0.51,undefined,550,,,7638.3,0.00013092,1.416e-7,0.0058976,0.48208,,-0.00018049,0.58032,0.27972,0.0002488302,0.0004287809
21449,10.15541/jim20180249,25307,6(a)(i),31534,(Ag2Se)1–x(Bi2Se3)x_ x=0.51,undefined,600,,,6416,0.00015586,1.019e-7,0.0050366,0.44718,,-0.00020079,0.52899,0.3236,0.0002586715,0.0004889912
21449,10.15541/jim20180249,25307,6(a)(i),31534,(Ag2Se)1–x(Bi2Se3)x_ x=0.51,undefined,650,,,5531,0.0001808,5.16e-8,0.0041755,0.41228,,-0.00022108,0.47765,0.36747,0.0002703352,0.0005659692
21449,10.15541/jim20180249,25307,6(a)(i),31534,(Ag2Se)1–x(Bi2Se3)x_ x=0.51,undefined,700,,,4860.5,0.00020574,-9.6e-9,0.0033145,,,-0.00024138,0.42632,0.41135,0.0002831937,0.0006642748
21449,10.15541/jim20180249,25307,6(a)(i),31535,(Ag2Se)1–x(Bi2Se3)x_ x=0.52,undefined,350,,,33554,0.000029803,1.461e-7,0.0091872,0.583,,-0.000072334,0.77958,0.055474,0.0001755615,0.0002252001
21449,10.15541/jim20180249,25307,6(a)(i),31535,(Ag2Se)1–x(Bi2Se3)x_ x=0.52,undefined,400,,,22505,0.000044434,1.277e-7,0.0083386,0.55397,,-0.0000914,0.73312,0.11135,0.0001880059,0.0002564462
21449,10.15541/jim20180249,25307,6(a)(i),31535,(Ag2Se)1–x(Bi2Se3)x_ x=0.52,undefined,450,,,16931,0.000059065,1.092e-7,0.00749,0.52494,,-0.00011047,0.68667,0.16722,0.0002066195,0.0003009007
21449,10.15541/jim20180249,25307,6(a)(i),31535,(Ag2Se)1–x(Bi2Se3)x_ x=0.52,undefined,500,,,13569,0.000073696,9.08e-8,0.0066414,0.49591,,-0.00012953,0.64021,0.22309,0.000227661,0.0003556036
21449,10.15541/jim20180249,25307,6(a)(i),31535,(Ag2Se)1–x(Bi2Se3)x_ x=0.52,undefined,550,,,11322,0.000088327,7.24e-8,0.0057928,0.46688,,-0.0001486,0.59376,0.27897,0.000250012,0.0004210657
21449,10.15541/jim20180249,25307,6(a)(i),31535,(Ag2Se)1–x(Bi2Se3)x_ x=0.52,undefined,600,,,9712.5,0.00010296,5.4e-8,0.0049442,0.43785,,-0.00016766,0.54731,0.33484,0.0002730172,0.0004988346
21449,10.15541/jim20180249,25307,6(a)(i),31535,(Ag2Se)1–x(Bi2Se3)x_ x=0.52,undefined,650,,,8504.1,0.00011759,3.55e-8,0.0040956,0.40882,,-0.00018673,0.50085,0.39071,0.0002965217,0.000592037
21449,10.15541/jim20180249,25307,6(a)(i),31535,(Ag2Se)1–x(Bi2Se3)x_ x=0.52,undefined,700,,,7563.2,0.00013222,1.71e-8,0.003247,,,-0.0002058,0.4544,0.44658,0.0003203291,0.0007049495
21449,10.15541/jim20180249,25312,7(d),31535,(Ag2Se)1–x(Bi2Se3)x_ x=0.52,undefined,300,,,,,,,0.61203,,,,,,
21449,10.15541/jim20180249,25307,6(a)(i),31536,(Ag2Se)1–x(Bi2Se3)x_ x=0.54,undefined,350,,,28361,0.00003526,1.31e-7,0.0089133,0.5842,,-0.000081435,0.77758,0.0691,0.0001880805,0.0002418793
21449,10.15541/jim20180249,25307,6(a)(i),31536,(Ag2Se)1–x(Bi2Se3)x_ x=0.54,undefined,400,,,21023,0.000047568,1.124e-7,0.0080806,0.54929,,-0.000098706,0.7262,0.12726,0.0002048244,0.0002820496
21449,10.15541/jim20180249,25307,6(a)(i),31536,(Ag2Se)1–x(Bi2Se3)x_ x=0.54,undefined,450,,,16701,0.000059876,9.39e-8,0.0072479,0.51439,,-0.00011598,0.67481,0.18543,0.0002246512,0.0003329103
21449,10.15541/jim20180249,25307,6(a)(i),31536,(Ag2Se)1–x(Bi2Se3)x_ x=0.54,undefined,500,,,13853,0.000072184,7.53e-8,0.0064152,0.47948,,-0.00013325,0.62342,0.24359,0.0002459678,0.0003945459
21449,10.15541/jim20180249,25307,6(a)(i),31536,(Ag2Se)1–x(Bi2Se3)x_ x=0.54,undefined,550,,,11835,0.000084493,5.67e-8,0.0055825,0.44458,,-0.00015052,0.57204,0.30175,0.000268137,0.0004687381
21449,10.15541/jim20180249,25307,6(a)(i),31536,(Ag2Se)1–x(Bi2Se3)x_ x=0.54,undefined,600,,,10330,0.000096801,3.81e-8,0.0047498,0.40967,,-0.00016779,0.52065,0.35992,0.0002908255,0.0005585816
21449,10.15541/jim20180249,25307,6(a)(i),31536,(Ag2Se)1–x(Bi2Se3)x_ x=0.54,undefined,650,,,9165.1,0.00010911,1.96e-8,0.0039171,0.37476,,-0.00018506,0.46927,0.41808,0.000313879,0.0006688666
21449,10.15541/jim20180249,25309,7(a),31536,(Ag2Se)1–x(Bi2Se3)x_ x=0.54,undefined,700,,,,,,,,,-0.00020233,0.41788,,,
21449,10.15541/jim20180249,25307,6(a)(i),31537,(Ag2Se)1–x(Bi2Se3)x_ x=0.56,undefined,300,,,,,1.363e-7,,0.56045,,-0.000066576,,,,
21449,10.15541/jim20180249,25307,6(a)(i),31537,(Ag2Se)1–x(Bi2Se3)x_ x=0.56,undefined,350,,,30643,0.000032634,1.207e-7,0.0086958,0.53025,,-0.000082542,0.72656,0.083338,0.0002087763,0.0002873491
21449,10.15541/jim20180249,25307,6(a)(i),31537,(Ag2Se)1–x(Bi2Se3)x_ x=0.56,undefined,400,,,25974,0.0000385,1.051e-7,0.007998,0.50004,,-0.00009799,0.68344,0.14137,0.0002494034,0.0003649236
21449,10.15541/jim20180249,25307,6(a)(i),31537,(Ag2Se)1–x(Bi2Se3)x_ x=0.56,undefined,450,,,21053,0.0000475,8.95e-8,0.0073002,0.46984,,-0.00011292,0.64032,0.19941,0.0002684453,0.0004192361
21449,10.15541/jim20180249,25307,6(a)(i),31537,(Ag2Se)1–x(Bi2Se3)x_ x=0.56,undefined,500,,,17156,0.00005829,7.39e-8,0.0066024,0.43963,,-0.00012733,0.5972,0.25745,0.000278149,0.0004657552
21449,10.15541/jim20180249,25307,6(a)(i),31537,(Ag2Se)1–x(Bi2Se3)x_ x=0.56,undefined,550,,,14383,0.000069528,5.83e-8,0.0059046,0.40943,,-0.00014123,0.55408,0.31548,0.0002868821,0.0005177629
21449,10.15541/jim20180249,25307,6(a)(i),31537,(Ag2Se)1–x(Bi2Se3)x_ x=0.56,undefined,600,,,12521,0.000079867,4.27e-8,0.0052069,0.37922,,-0.0001546,0.51096,0.37352,0.0002992664,0.0005856944
21449,10.15541/jim20180249,25307,6(a)(i),31537,(Ag2Se)1–x(Bi2Se3)x_ x=0.56,undefined,650,,,11368,0.000087965,2.71e-8,0.0045091,0.34902,,-0.00016746,0.46783,0.43156,0.0003187911,0.0006814252
21449,10.15541/jim20180249,25309,7(a),31537,(Ag2Se)1–x(Bi2Se3)x_ x=0.56,undefined,700,,,,,,,,,-0.0001798,0.42471,,,
21449,10.15541/jim20180249,25309,7(a),31538,AgBiSe2,undefined,350,,,36560,0.000027352,,,0.53966,,-0.00012696,0.65537,0.22381,0.0005893048,0.0008991941
21449,10.15541/jim20180249,25309,7(a),31538,AgBiSe2,undefined,400,,,18027,0.000055472,,,0.52833,,-0.000148,0.63406,0.25989,0.0003948634,0.000622754
21449,10.15541/jim20180249,25309,7(a),31538,AgBiSe2,undefined,450,,,11963,0.000083593,,,0.517,,-0.00016905,0.61275,0.29596,0.0003418774,0.0005579395
21449,10.15541/jim20180249,25309,7(a),31538,AgBiSe2,undefined,500,,,8951.8,0.00011171,,,0.50566,,-0.00019009,0.59144,0.33203,0.0003234662,0.000546913
21449,10.15541/jim20180249,25309,7(a),31538,AgBiSe2,undefined,550,,,7151.5,0.00013983,,,0.49433,,-0.00021114,0.57014,0.3681,0.0003188146,0.0005591865
21449,10.15541/jim20180249,25309,7(a),31538,AgBiSe2,undefined,600,,,5954.2,0.00016795,,,0.483,,-0.00023219,0.54883,0.40418,0.000321004,0.0005848878
21449,10.15541/jim20180249,25309,7(a),31538,AgBiSe2,undefined,650,,,5100.2,0.00019607,,,0.47167,,-0.00025323,0.52752,0.44025,0.0003270525,0.0006199813
21449,10.15541/jim20180249,25309,7(a),31538,AgBiSe2,undefined,700,,,4460.5,0.00022419,,,0.46033,,-0.00027428,0.50621,0.47632,0.0003355613,0.0006628894
21449,10.15541/jim20180249,25313,8(a),31538,AgBiSe2,undefined,300,,,,,,,,,,,0.18774,,
21449,10.15541/jim20180249,25309,7(a),31539,Ag0.985In0.015BiSe2,undefined,350,,,31886,0.000031362,,,0.62825,,-0.000081572,0.85818,0.045907,0.0002121692,0.0002472315
21449,10.15541/jim20180249,25309,7(a),31539,Ag0.985In0.015BiSe2,undefined,400,,,25154,0.000039755,,,0.59825,,-0.00009751,0.81553,0.11646,0.0002391693,0.0002932685
21449,10.15541/jim20180249,25309,7(a),31539,Ag0.985In0.015BiSe2,undefined,450,,,20770,0.000048147,,,0.56825,,-0.00011345,0.77287,0.187,0.0002673286,0.0003458908
21449,10.15541/jim20180249,25309,7(a),31539,Ag0.985In0.015BiSe2,undefined,500,,,17687,0.00005654,,,0.53825,,-0.00012938,0.73022,0.25755,0.000296066,0.0004054476
21449,10.15541/jim20180249,25309,7(a),31539,Ag0.985In0.015BiSe2,undefined,550,,,15400,0.000064933,,,0.50826,,-0.00014532,0.68756,0.3281,0.0003252157,0.0004729997
21449,10.15541/jim20180249,25309,7(a),31539,Ag0.985In0.015BiSe2,undefined,600,,,13638,0.000073326,,,0.47826,,-0.00016126,0.64491,0.39865,0.0003546533,0.0005499268
21449,10.15541/jim20180249,25309,7(a),31539,Ag0.985In0.015BiSe2,undefined,650,,,12237,0.000081718,,,0.44826,,-0.0001772,0.60225,0.4692,0.0003842398,0.0006380072
21449,10.15541/jim20180249,25309,7(a),31539,Ag0.985In0.015BiSe2,undefined,700,,,11097,0.000090111,,,0.41826,,-0.00019314,0.5596,0.53974,0.0004139521,0.0007397285
21449,10.15541/jim20180249,25310,7(b),31539,Ag0.985In0.015BiSe2,undefined,300,,,43537,0.000022969,,,,,,,-0.024641,,
21449,10.15541/jim20180249,26236,6(c),32903,300 K,undefined,,1e+25,,,,,0.0045788,,,,,,,
21449,10.15541/jim20180249,26236,6(c),32903,300 K,undefined,,1.5e+25,,,,,0.0044803,,,0.00013248,,0.086896,,
21449,10.15541/jim20180249,26236,6(c),32903,300 K,undefined,,2e+25,,,,,0.0043819,,,0.00012633,,0.083714,,
21449,10.15541/jim20180249,26236,6(c),32903,300 K,undefined,,2.5e+25,,,,,0.0042834,,,0.00012017,,0.080531,,
21449,10.15541/jim20180249,26236,6(c),32903,300 K,undefined,,3e+25,,,,,0.0041849,,,0.00011401,,0.077348,,
21449,10.15541/jim20180249,26236,6(c),32903,300 K,undefined,,3.5e+25,,,,,0.0040865,,,0.00010785,,0.074165,,
21449,10.15541/jim20180249,26236,6(c),32903,300 K,undefined,,4e+25,,,,,0.003988,,,0.00010169,,0.070982,,
21449,10.15541/jim20180249,26236,6(c),32903,300 K,undefined,,4.5e+25,,,,,0.0038896,,,0.000095536,,0.067799,,
21449,10.15541/jim20180249,26236,6(c),32903,300 K,undefined,,5e+25,,,,,0.0037911,,,0.000089378,,0.064617,,
21449,10.15541/jim20180249,26236,6(c),32903,300 K,undefined,,5.5e+25,,,,,0.0036926,,,0.00008322,,0.061434,,
21449,10.15541/jim20180249,26236,6(c),32903,300 K,undefined,,6e+25,,,,,0.0035942,,,0.000077062,,,,
21449,10.15541/jim20180249,26236,6(c),32903,300 K,undefined,,6.5e+25,,,,,0.0034957,,,0.000070904,,,,
21449,10.15541/jim20180249,26236,6(c),32903,300 K,undefined,,7e+25,,,,,0.0033973,,,0.000064745,,,,
21449,10.15541/jim20180249,26236,6(c),32903,300 K,undefined,,7.5e+25,,,,,0.0032988,,,0.000058587,,,,
21449,10.15541/jim20180249,26236,6(c),32903,300 K,undefined,,8e+25,,,,,0.0032003,,,0.000052429,,,,
21449,10.15541/jim20180249,26237,6(d),32903,300 K,undefined,,8.5e+25,,,,,,,,0.000046271,,,,
21449,10.15541/jim20180249,26236,6(c),32904,500 K,undefined,,1.5e+25,,,,,0.0034095,,,0.0001625,,,,
21449,10.15541/jim20180249,26236,6(c),32904,500 K,undefined,,2e+25,,,,,0.0032732,,,0.00015743,,0.18978,,
21449,10.15541/jim20180249,26236,6(c),32904,500 K,undefined,,2.5e+25,,,,,0.0031369,,,0.00015236,,0.18869,,
21449,10.15541/jim20180249,26236,6(c),32904,500 K,undefined,,3e+25,,,,,0.0030006,,,0.0001473,,0.1876,,
21449,10.15541/jim20180249,26236,6(c),32904,500 K,undefined,,3.5e+25,,,,,0.0028643,,,0.00014223,,0.18652,,
21449,10.15541/jim20180249,26236,6(c),32904,500 K,undefined,,4e+25,,,,,0.002728,,,0.00013716,,0.18543,,
21449,10.15541/jim20180249,26236,6(c),32904,500 K,undefined,,4.5e+25,,,,,0.0025917,,,0.00013209,,0.18435,,
21449,10.15541/jim20180249,26236,6(c),32904,500 K,undefined,,5e+25,,,,,0.0024554,,,0.00012703,,0.18326,,
21449,10.15541/jim20180249,26236,6(c),32904,500 K,undefined,,5.5e+25,,,,,0.0023191,,,0.00012196,,0.18217,,
21449,10.15541/jim20180249,26236,6(c),32904,500 K,undefined,,6e+25,,,,,0.0021828,,,0.00011689,,0.18109,,
21449,10.15541/jim20180249,26236,6(c),32904,500 K,undefined,,6.5e+25,,,,,0.0020465,,,0.00011183,,0.18,,
21449,10.15541/jim20180249,26236,6(c),32904,500 K,undefined,,7e+25,,,,,0.0019102,,,0.00010676,,0.17891,,
21449,10.15541/jim20180249,26236,6(c),32904,500 K,undefined,,7.5e+25,,,,,0.0017739,,,0.00010169,,,,
21449,10.15541/jim20180249,26236,6(c),32904,500 K,undefined,,8e+25,,,,,0.0016376,,,0.000096626,,,,
21449,10.15541/jim20180249,26236,6(c),32904,500 K,undefined,,8.5e+25,,,,,0.0015013,,,0.000091559,,,,
21449,10.15541/jim20180249,26236,6(c),32904,500 K,undefined,,9e+25,,,,,0.001365,,,0.000086492,,,,
21449,10.15541/jim20180249,26236,6(c),32905,700 K,undefined,,1.35e+26,,,,,0.00012165,,,,,,,
21449,10.15541/jim20180249,26236,6(c),32905,700 K,undefined,,1.4e+26,,,,,0.00012133,,,,,0.38816,,
21449,10.15541/jim20180249,26236,6(c),32905,700 K,undefined,,1.45e+26,,,,,0.000121,,,,,0.38884,,
21449,10.15541/jim20180249,26236,6(c),32905,700 K,undefined,,1.5e+26,,,,,0.00012068,,,,,0.38952,,
21449,10.15541/jim20180249,26236,6(c),32905,700 K,undefined,,1.55e+26,,,,,0.00012035,,,,,0.39019,,
21449,10.15541/jim20180249,26236,6(c),32905,700 K,undefined,,1.6e+26,,,,,0.00012003,,,,,0.39087,,
21449,10.15541/jim20180249,26236,6(c),32905,700 K,undefined,,1.65e+26,,,,,0.0001197,,,,,0.39154,,
21449,10.15541/jim20180249,26236,6(c),32905,700 K,undefined,,1.7e+26,,,,,0.00011938,,,,,0.39222,,
21449,10.15541/jim20180249,26236,6(c),32905,700 K,undefined,,1.75e+26,,,,,0.00011905,,,,,0.3929,,
21449,10.15541/jim20180249,26236,6(c),32905,700 K,undefined,,1.8e+26,,,,,0.00011872,,,,,0.39357,,
21449,10.15541/jim20180249,26236,6(c),32905,700 K,undefined,,1.85e+26,,,,,0.0001184,,,,,0.39425,,
21449,10.15541/jim20180249,26236,6(c),32905,700 K,undefined,,1.9e+26,,,,,0.00011807,,,,,0.39493,,
21449,10.15541/jim20180249,26236,6(c),32905,700 K,undefined,,1.95e+26,,,,,0.00011775,,,,,0.3956,,
21449,10.15541/jim20180249,26236,6(c),32905,700 K,undefined,,2e+26,,,,,0.00011742,,,,,0.39628,,
21449,10.15541/jim20180249,26236,6(c),32905,700 K,undefined,,2.05e+26,,,,,0.0001171,,,,,0.39695,,
21449,10.15541/jim20180249,26236,6(c),32905,700 K,undefined,,2.1e+26,,,,,0.00011677,,,,,0.39763,,
21449,10.15541/jim20180249,26236,6(c),32905,700 K,undefined,,2.15e+26,,,,,0.00011645,,,,,0.39831,,
21449,10.15541/jim20180249,26236,6(c),32905,700 K,undefined,,2.2e+26,,,,,0.00011612,,,,,0.39898,,
21449,10.15541/jim20180249,26236,6(c),32905,700 K,undefined,,2.25e+26,,,,,0.0001158,,,,,0.39966,,
21449,10.15541/jim20180249,26236,6(c),32905,700 K,undefined,,2.3e+26,,,,,0.00011547,,,,,0.40033,,
21449,10.15541/jim20180249,26236,6(c),32905,700 K,undefined,,2.35e+26,,,,,0.00011514,,,,,0.40101,,
21449,10.15541/jim20180249,26236,6(c),32905,700 K,undefined,,2.4e+26,,,,,0.00011482,,,,,0.40169,,
21449,10.15541/jim20180249,26236,6(c),32905,700 K,undefined,,2.45e+26,,,,,0.00011449,,,,,0.40236,,
21449,10.15541/jim20180249,26236,6(c),32905,700 K,undefined,,2.5e+26,,,,,0.00011417,,,,,0.40304,,
21449,10.15541/jim20180249,26236,6(c),32905,700 K,undefined,,2.55e+26,,,,,0.00011384,,,,,0.40372,,
21449,10.15541/jim20180249,26236,6(c),32905,700 K,undefined,,2.6e+26,,,,,0.00011352,,,0.00021618,,0.40439,,
21449,10.15541/jim20180249,26236,6(c),32905,700 K,undefined,,2.65e+26,,,,,0.00011319,,,0.00021585,,0.40507,,
21449,10.15541/jim20180249,26236,6(c),32905,700 K,undefined,,2.7e+26,,,,,0.00011287,,,0.00021551,,0.40574,,
21449,10.15541/jim20180249,26236,6(c),32905,700 K,undefined,,2.75e+26,,,,,0.00011254,,,0.00021518,,0.40642,,
21449,10.15541/jim20180249,26236,6(c),32905,700 K,undefined,,2.8e+26,,,,,0.00011222,,,0.00021484,,0.4071,,
21449,10.15541/jim20180249,26236,6(c),32905,700 K,undefined,,2.85e+26,,,,,0.00011189,,,0.00021451,,0.40777,,
21449,10.15541/jim20180249,26236,6(c),32905,700 K,undefined,,2.9e+26,,,,,0.00011156,,,0.00021418,,0.40845,,
21449,10.15541/jim20180249,26236,6(c),32905,700 K,undefined,,2.95e+26,,,,,0.00011124,,,0.00021384,,0.40912,,
21449,10.15541/jim20180249,26236,6(c),32905,700 K,undefined,,3e+26,,,,,0.00011091,,,0.00021351,,0.4098,,
21449,10.15541/jim20180249,26236,6(c),32905,700 K,undefined,,3.05e+26,,,,,0.00011059,,,0.00021317,,0.41048,,
21449,10.15541/jim20180249,26236,6(c),32905,700 K,undefined,,3.1e+26,,,,,0.00011026,,,0.00021284,,0.41115,,
21449,10.15541/jim20180249,26236,6(c),32905,700 K,undefined,,3.15e+26,,,,,0.00010994,,,0.0002125,,0.41183,,
21449,10.15541/jim20180249,26236,6(c),32905,700 K,undefined,,3.2e+26,,,,,0.00010961,,,0.00021217,,0.41251,,
21449,10.15541/jim20180249,26236,6(c),32905,700 K,undefined,,3.25e+26,,,,,0.00010929,,,0.00021183,,0.41318,,
21449,10.15541/jim20180249,26236,6(c),32905,700 K,undefined,,3.3e+26,,,,,0.00010896,,,0.0002115,,0.41386,,
21449,10.15541/jim20180249,26236,6(c),32905,700 K,undefined,,3.35e+26,,,,,0.00010863,,,0.00021116,,0.41453,,
21449,10.15541/jim20180249,26236,6(c),32905,700 K,undefined,,3.4e+26,,,,,0.00010831,,,0.00021083,,0.41521,,
21449,10.15541/jim20180249,26236,6(c),32905,700 K,undefined,,3.45e+26,,,,,0.00010798,,,0.00021049,,0.41589,,
21449,10.15541/jim20180249,26236,6(c),32905,700 K,undefined,,3.5e+26,,,,,0.00010766,,,0.00021016,,0.41656,,
21449,10.15541/jim20180249,26236,6(c),32905,700 K,undefined,,3.55e+26,,,,,0.00010733,,,0.00020982,,0.41724,,
21449,10.15541/jim20180249,26236,6(c),32905,700 K,undefined,,3.6e+26,,,,,0.00010701,,,0.00020949,,0.41791,,
21449,10.15541/jim20180249,26236,6(c),32905,700 K,undefined,,3.65e+26,,,,,0.00010668,,,0.00020915,,0.41859,,
21449,10.15541/jim20180249,26236,6(c),32905,700 K,undefined,,3.7e+26,,,,,0.00010636,,,0.00020882,,0.41927,,
21449,10.15541/jim20180249,26236,6(c),32905,700 K,undefined,,3.75e+26,,,,,0.00010603,,,0.00020848,,0.41994,,
21449,10.15541/jim20180249,26236,6(c),32905,700 K,undefined,,3.8e+26,,,,,0.00010571,,,0.00020815,,0.42062,,
21449,10.15541/jim20180249,26236,6(c),32905,700 K,undefined,,3.85e+26,,,,,0.00010538,,,0.00020781,,0.42129,,
21449,10.15541/jim20180249,26236,6(c),32905,700 K,undefined,,3.9e+26,,,,,0.00010505,,,0.00020748,,0.42197,,
21449,10.15541/jim20180249,26236,6(c),32905,700 K,undefined,,3.95e+26,,,,,0.00010473,,,0.00020715,,0.42265,,
21449,10.15541/jim20180249,26236,6(c),32905,700 K,undefined,,4e+26,,,,,0.0001044,,,0.00020681,,0.42332,,
21449,10.15541/jim20180249,26236,6(c),32905,700 K,undefined,,4.05e+26,,,,,0.00010408,,,0.00020648,,0.424,,
21449,10.15541/jim20180249,26236,6(c),32905,700 K,undefined,,4.1e+26,,,,,0.00010375,,,0.00020614,,0.42468,,
21449,10.15541/jim20180249,26236,6(c),32905,700 K,undefined,,4.15e+26,,,,,0.00010343,,,0.00020581,,0.42535,,
21449,10.15541/jim20180249,26236,6(c),32905,700 K,undefined,,4.2e+26,,,,,0.0001031,,,0.00020547,,0.42603,,
21449,10.15541/jim20180249,26236,6(c),32905,700 K,undefined,,4.25e+26,,,,,0.00010278,,,0.00020514,,0.4267,,
21449,10.15541/jim20180249,26236,6(c),32905,700 K,undefined,,4.3e+26,,,,,0.00010245,,,0.0002048,,0.42738,,
21449,10.15541/jim20180249,26236,6(c),32905,700 K,undefined,,4.35e+26,,,,,0.00010213,,,0.00020447,,0.42806,,
21449,10.15541/jim20180249,26236,6(c),32905,700 K,undefined,,4.4e+26,,,,,0.0001018,,,0.00020413,,0.42873,,
21449,10.15541/jim20180249,26236,6(c),32905,700 K,undefined,,4.45e+26,,,,,0.00010147,,,0.0002038,,0.42941,,
21449,10.15541/jim20180249,26236,6(c),32905,700 K,undefined,,4.5e+26,,,,,0.00010115,,,0.00020346,,0.43008,,
21449,10.15541/jim20180249,26236,6(c),32905,700 K,undefined,,4.55e+26,,,,,0.00010082,,,0.00020313,,0.43076,,
21449,10.15541/jim20180249,26236,6(c),32905,700 K,undefined,,4.6e+26,,,,,0.0001005,,,0.00020279,,0.43144,,
21449,10.15541/jim20180249,26236,6(c),32905,700 K,undefined,,4.65e+26,,,,,0.00010017,,,0.00020246,,0.43211,,
21449,10.15541/jim20180249,26236,6(c),32905,700 K,undefined,,4.7e+26,,,,,0.000099847,,,0.00020212,,0.43279,,
21449,10.15541/jim20180249,26236,6(c),32905,700 K,undefined,,4.75e+26,,,,,0.000099521,,,0.00020179,,0.43347,,
21449,10.15541/jim20180249,26236,6(c),32905,700 K,undefined,,4.8e+26,,,,,0.000099196,,,0.00020145,,0.43414,,
21449,10.15541/jim20180249,26236,6(c),32905,700 K,undefined,,4.85e+26,,,,,0.00009887,,,0.00020112,,0.43482,,
21449,10.15541/jim20180249,26236,6(c),32905,700 K,undefined,,4.9e+26,,,,,0.000098545,,,0.00020079,,0.43549,,
21449,10.15541/jim20180249,26236,6(c),32905,700 K,undefined,,4.95e+26,,,,,0.000098219,,,0.00020045,,0.43617,,
21449,10.15541/jim20180249,26236,6(c),32905,700 K,undefined,,5e+26,,,,,0.000097894,,,0.00020012,,0.43685,,
21449,10.15541/jim20180249,26236,6(c),32905,700 K,undefined,,5.05e+26,,,,,0.000097568,,,0.00019978,,0.43752,,
21449,10.15541/jim20180249,26236,6(c),32905,700 K,undefined,,5.1e+26,,,,,0.000097243,,,0.00019945,,0.4382,,
21449,10.15541/jim20180249,26236,6(c),32905,700 K,undefined,,5.15e+26,,,,,0.000096917,,,0.00019911,,0.43887,,
21449,10.15541/jim20180249,26236,6(c),32905,700 K,undefined,,5.2e+26,,,,,0.000096592,,,0.00019878,,0.43955,,
21449,10.15541/jim20180249,26236,6(c),32905,700 K,undefined,,5.25e+26,,,,,0.000096266,,,0.00019844,,0.44023,,
21449,10.15541/jim20180249,26236,6(c),32905,700 K,undefined,,5.3e+26,,,,,0.000095941,,,0.00019811,,0.4409,,
21449,10.15541/jim20180249,26236,6(c),32905,700 K,undefined,,5.35e+26,,,,,0.000095615,,,0.00019777,,0.44158,,
21449,10.15541/jim20180249,26236,6(c),32905,700 K,undefined,,5.4e+26,,,,,0.00009529,,,0.00019744,,0.44226,,
21449,10.15541/jim20180249,26236,6(c),32905,700 K,undefined,,5.45e+26,,,,,0.000094965,,,0.0001971,,0.44293,,
21449,10.15541/jim20180249,26236,6(c),32905,700 K,undefined,,5.5e+26,,,,,0.000094639,,,0.00019677,,0.44361,,
21449,10.15541/jim20180249,26236,6(c),32905,700 K,undefined,,5.55e+26,,,,,0.000094314,,,0.00019643,,0.44428,,
21449,10.15541/jim20180249,26236,6(c),32905,700 K,undefined,,5.6e+26,,,,,0.000093988,,,0.0001961,,0.44496,,
21449,10.15541/jim20180249,26236,6(c),32905,700 K,undefined,,5.65e+26,,,,,0.000093663,,,0.00019576,,0.44564,,
21449,10.15541/jim20180249,26236,6(c),32905,700 K,undefined,,5.7e+26,,,,,0.000093337,,,0.00019543,,0.44631,,
21449,10.15541/jim20180249,26236,6(c),32905,700 K,undefined,,5.75e+26,,,,,0.000093012,,,0.00019509,,0.44699,,
21449,10.15541/jim20180249,26236,6(c),32905,700 K,undefined,,5.8e+26,,,,,0.000092686,,,0.00019476,,0.44766,,
21449,10.15541/jim20180249,26236,6(c),32905,700 K,undefined,,5.85e+26,,,,,0.000092361,,,0.00019442,,0.44834,,
21449,10.15541/jim20180249,26236,6(c),32905,700 K,undefined,,5.9e+26,,,,,0.000092035,,,0.00019409,,0.44902,,
21449,10.15541/jim20180249,26236,6(c),32905,700 K,undefined,,5.95e+26,,,,,0.00009171,,,0.00019376,,0.44969,,
21449,10.15541/jim20180249,26236,6(c),32905,700 K,undefined,,6e+26,,,,,0.000091384,,,0.00019342,,0.45037,,
21449,10.15541/jim20180249,26236,6(c),32905,700 K,undefined,,6.05e+26,,,,,0.000091059,,,0.00019309,,0.45105,,
21449,10.15541/jim20180249,26236,6(c),32905,700 K,undefined,,6.1e+26,,,,,0.000090733,,,0.00019275,,0.45172,,
21449,10.15541/jim20180249,26236,6(c),32905,700 K,undefined,,6.15e+26,,,,,0.000090408,,,0.00019242,,0.4524,,
21449,10.15541/jim20180249,26236,6(c),32905,700 K,undefined,,6.2e+26,,,,,0.000090082,,,0.00019208,,0.45307,,
21449,10.15541/jim20180249,26236,6(c),32905,700 K,undefined,,6.25e+26,,,,,0.000089757,,,0.00019175,,0.45375,,
21449,10.15541/jim20180249,26236,6(c),32905,700 K,undefined,,6.3e+26,,,,,0.000089431,,,0.00019141,,0.45443,,
21449,10.15541/jim20180249,26236,6(c),32905,700 K,undefined,,6.35e+26,,,,,0.000089106,,,0.00019108,,0.4551,,
21449,10.15541/jim20180249,26236,6(c),32905,700 K,undefined,,6.4e+26,,,,,0.00008878,,,0.00019074,,0.45578,,
21449,10.15541/jim20180249,26236,6(c),32905,700 K,undefined,,6.45e+26,,,,,0.000088455,,,0.00019041,,0.45645,,
21449,10.15541/jim20180249,26236,6(c),32905,700 K,undefined,,6.5e+26,,,,,0.000088129,,,0.00019007,,0.45713,,
21449,10.15541/jim20180249,26236,6(c),32905,700 K,undefined,,6.55e+26,,,,,0.000087804,,,0.00018974,,0.45781,,
21449,10.15541/jim20180249,26236,6(c),32905,700 K,undefined,,6.6e+26,,,,,0.000087478,,,0.0001894,,0.45848,,
21449,10.15541/jim20180249,26236,6(c),32905,700 K,undefined,,6.65e+26,,,,,0.000087153,,,0.00018907,,0.45916,,
21449,10.15541/jim20180249,26236,6(c),32905,700 K,undefined,,6.7e+26,,,,,0.000086827,,,0.00018873,,0.45984,,
21449,10.15541/jim20180249,26236,6(c),32905,700 K,undefined,,6.75e+26,,,,,0.000086502,,,0.0001884,,0.46051,,
21449,10.15541/jim20180249,26236,6(c),32905,700 K,undefined,,6.8e+26,,,,,0.000086177,,,0.00018806,,0.46119,,
21449,10.15541/jim20180249,26236,6(c),32905,700 K,undefined,,6.85e+26,,,,,0.000085851,,,0.00018773,,0.46186,,
21449,10.15541/jim20180249,26236,6(c),32905,700 K,undefined,,6.9e+26,,,,,0.000085526,,,0.0001874,,0.46254,,
21449,10.15541/jim20180249,26236,6(c),32905,700 K,undefined,,6.95e+26,,,,,0.0000852,,,0.00018706,,0.46322,,
21449,10.15541/jim20180249,26236,6(c),32905,700 K,undefined,,7e+26,,,,,0.000084875,,,0.00018673,,0.46389,,
21449,10.15541/jim20180249,26236,6(c),32905,700 K,undefined,,7.05e+26,,,,,0.000084549,,,0.00018639,,0.46457,,
21449,10.15541/jim20180249,26236,6(c),32905,700 K,undefined,,7.1e+26,,,,,0.000084224,,,0.00018606,,0.46524,,
21449,10.15541/jim20180249,26236,6(c),32905,700 K,undefined,,7.15e+26,,,,,0.000083898,,,0.00018572,,0.46592,,
21449,10.15541/jim20180249,26236,6(c),32905,700 K,undefined,,7.2e+26,,,,,0.000083573,,,0.00018539,,0.4666,,
21449,10.15541/jim20180249,26236,6(c),32905,700 K,undefined,,7.25e+26,,,,,0.000083247,,,0.00018505,,0.46727,,
21449,10.15541/jim20180249,26236,6(c),32905,700 K,undefined,,7.3e+26,,,,,0.000082922,,,0.00018472,,0.46795,,
21449,10.15541/jim20180249,26236,6(c),32905,700 K,undefined,,7.35e+26,,,,,0.000082596,,,0.00018438,,0.46862,,
21449,10.15541/jim20180249,26236,6(c),32905,700 K,undefined,,7.4e+26,,,,,0.000082271,,,0.00018405,,0.4693,,
21449,10.15541/jim20180249,26236,6(c),32905,700 K,undefined,,7.45e+26,,,,,0.000081945,,,0.00018371,,0.46998,,
21449,10.15541/jim20180249,26236,6(c),32905,700 K,undefined,,7.5e+26,,,,,0.00008162,,,0.00018338,,0.47065,,
21449,10.15541/jim20180249,26236,6(c),32905,700 K,undefined,,7.55e+26,,,,,0.000081294,,,0.00018304,,0.47133,,
21449,10.15541/jim20180249,26236,6(c),32905,700 K,undefined,,7.6e+26,,,,,0.000080969,,,0.00018271,,0.47201,,
21449,10.15541/jim20180249,26236,6(c),32905,700 K,undefined,,7.65e+26,,,,,0.000080643,,,0.00018237,,0.47268,,
21449,10.15541/jim20180249,26236,6(c),32905,700 K,undefined,,7.7e+26,,,,,0.000080318,,,0.00018204,,0.47336,,
21449,10.15541/jim20180249,26236,6(c),32905,700 K,undefined,,7.75e+26,,,,,0.000079992,,,0.0001817,,0.47403,,
21449,10.15541/jim20180249,26236,6(c),32905,700 K,undefined,,7.8e+26,,,,,0.000079667,,,0.00018137,,0.47471,,
21449,10.15541/jim20180249,26236,6(c),32905,700 K,undefined,,7.85e+26,,,,,0.000079341,,,0.00018103,,0.47539,,
21449,10.15541/jim20180249,26236,6(c),32905,700 K,undefined,,7.9e+26,,,,,0.000079016,,,0.0001807,,0.47606,,
21449,10.15541/jim20180249,26236,6(c),32905,700 K,undefined,,7.95e+26,,,,,0.00007869,,,0.00018037,,0.47674,,
21449,10.15541/jim20180249,26236,6(c),32905,700 K,undefined,,8e+26,,,,,0.000078365,,,0.00018003,,0.47741,,
21449,10.15541/jim20180249,26236,6(c),32905,700 K,undefined,,8.05e+26,,,,,0.000078039,,,0.0001797,,0.47809,,
21449,10.15541/jim20180249,26236,6(c),32905,700 K,undefined,,8.1e+26,,,,,0.000077714,,,0.00017936,,0.47877,,
21449,10.15541/jim20180249,26236,6(c),32905,700 K,undefined,,8.15e+26,,,,,0.000077389,,,0.00017903,,0.47944,,
21449,10.15541/jim20180249,26236,6(c),32905,700 K,undefined,,8.2e+26,,,,,0.000077063,,,0.00017869,,0.48012,,
21449,10.15541/jim20180249,26236,6(c),32905,700 K,undefined,,8.25e+26,,,,,0.000076738,,,0.00017836,,0.4808,,
21449,10.15541/jim20180249,26236,6(c),32905,700 K,undefined,,8.3e+26,,,,,0.000076412,,,0.00017802,,0.48147,,
21449,10.15541/jim20180249,26236,6(c),32905,700 K,undefined,,8.35e+26,,,,,0.000076087,,,0.00017769,,0.48215,,
21449,10.15541/jim20180249,26236,6(c),32905,700 K,undefined,,8.4e+26,,,,,0.000075761,,,0.00017735,,0.48282,,
21449,10.15541/jim20180249,26237,6(d),32905,700 K,undefined,,8.45e+26,,,,,,,,0.00017702,,0.4835,,
21449,10.15541/jim20180249,26237,6(d),32905,700 K,undefined,,8.5e+26,,,,,,,,0.00017668,,0.48418,,
21449,10.15541/jim20180249,26237,6(d),32905,700 K,undefined,,8.55e+26,,,,,,,,0.00017635,,0.48485,,
21449,10.15541/jim20180249,26237,6(d),32905,700 K,undefined,,8.6e+26,,,,,,,,0.00017601,,0.48553,,
21449,10.15541/jim20180249,26237,6(d),32905,700 K,undefined,,8.65e+26,,,,,,,,0.00017568,,0.4862,,
21449,10.15541/jim20180249,26237,6(d),32905,700 K,undefined,,8.7e+26,,,,,,,,0.00017534,,0.48688,,
21449,10.15541/jim20180249,26238,8(b),32905,700 K,undefined,,8.75e+26,,,,,,,,,,0.48756,,
21449,10.15541/jim20180249,26238,8(b),32905,700 K,undefined,,8.8e+26,,,,,,,,,,0.48823,,
21449,10.15541/jim20180249,26238,8(b),32905,700 K,undefined,,8.85e+26,,,,,,,,,,0.48891,,
21449,10.15541/jim20180249,26236,6(c),32906,Nb doped AgBiSe2,undefined,,2e+25,,,,,0.0024301,,,0.00014412,,0.089442,,
21449,10.15541/jim20180249,26236,6(c),32906,Nb doped AgBiSe2,undefined,,2.5e+25,,,,,0.0024164,,,0.00013775,,0.088115,,
21449,10.15541/jim20180249,26236,6(c),32906,Nb doped AgBiSe2,undefined,,3e+25,,,,,0.0024028,,,0.00013139,,0.086788,,
21449,10.15541/jim20180249,26236,6(c),32906,Nb doped AgBiSe2,undefined,,3.5e+25,,,,,0.0023891,,,0.00012502,,0.085462,,
21449,10.15541/jim20180249,26236,6(c),32906,Nb doped AgBiSe2,undefined,,4e+25,,,,,0.0023755,,,0.00011866,,0.084135,,
21449,10.15541/jim20180249,26236,6(c),32906,Nb doped AgBiSe2,undefined,,4.5e+25,,,,,0.0023618,,,0.00011229,,0.082808,,
21449,10.15541/jim20180249,26236,6(c),32906,Nb doped AgBiSe2,undefined,,5e+25,,,,,0.0023481,,,0.00010593,,0.081481,,
21449,10.15541/jim20180249,26236,6(c),32906,Nb doped AgBiSe2,undefined,,5.5e+25,,,,,0.0023345,,,0.00009956,,0.080154,,
21449,10.15541/jim20180249,26236,6(c),32906,Nb doped AgBiSe2,undefined,,6e+25,,,,,0.0023208,,,0.000093195,,0.078827,,
21449,10.15541/jim20180249,26236,6(c),32906,Nb doped AgBiSe2,undefined,,6.5e+25,,,,,0.0023072,,,0.00008683,,0.0775,,
21449,10.15541/jim20180249,26236,6(c),32906,Nb doped AgBiSe2,undefined,,7e+25,,,,,0.0022935,,,0.000080464,,,,
21449,10.15541/jim20180249,26236,6(c),32906,Nb doped AgBiSe2,undefined,,7.5e+25,,,,,0.0022798,,,0.000074099,,,,
21449,10.15541/jim20180249,26236,6(c),32906,Nb doped AgBiSe2,undefined,,8e+25,,,,,0.0022662,,,0.000067733,,,,
21449,10.15541/jim20180249,26236,6(c),32906,Nb doped AgBiSe2,undefined,,8.5e+25,,,,,0.0022525,,,0.000061368,,,,
21449,10.15541/jim20180249,26236,6(c),32907,Halogen doped AgBiSe2,undefined,,1e+25,,,,,0.0067133,,,0.00012178,,0.060272,,
21449,10.15541/jim20180249,26236,6(c),32907,Halogen doped AgBiSe2,undefined,,1.5e+25,,,,,0.0065491,,,0.00011474,,0.06396,,
21449,10.15541/jim20180249,26236,6(c),32907,Halogen doped AgBiSe2,undefined,,2e+25,,,,,0.0063849,,,0.00010769,,0.067647,,
21449,10.15541/jim20180249,26236,6(c),32907,Halogen doped AgBiSe2,undefined,,2.5e+25,,,,,0.0062206,,,0.00010065,,0.071335,,
21449,10.15541/jim20180249,26236,6(c),32907,Halogen doped AgBiSe2,undefined,,3e+25,,,,,0.0060564,,,0.000093604,,0.075023,,
21449,10.15541/jim20180249,26236,6(c),32907,Halogen doped AgBiSe2,undefined,,3.5e+25,,,,,0.0058922,,,0.00008656,,0.07871,,
21449,10.15541/jim20180249,26236,6(c),32907,Halogen doped AgBiSe2,undefined,,4e+25,,,,,0.005728,,,0.000079516,,0.082398,,
21449,10.15541/jim20180249,26236,6(c),32907,Halogen doped AgBiSe2,undefined,,4.5e+25,,,,,0.0055637,,,0.000072472,,0.086085,,
21449,10.15541/jim20180249,26236,6(c),32908,Te substitution AgBiSe2,undefined,,1.5e+25,,,,,0.0084392,,,0.00010237,,0.1476,,
27917,10.1016/j.joule.2017.09.006,25289,10a,31515,Ag9Ga(Se1-xTex)6_ x=0%,Ag9GaSe6,350,,0.037843,,,,,,0.097876,-0.000062332,,,,
27917,10.1016/j.joule.2017.09.006,25289,10a,31515,Ag9Ga(Se1-xTex)6_ x=0%,Ag9GaSe6,400,,0.034845,,,,,,0.11612,-0.000069234,,,,
27917,10.1016/j.joule.2017.09.006,25289,10a,31515,Ag9Ga(Se1-xTex)6_ x=0%,Ag9GaSe6,450,,0.031847,,,,,,0.13436,-0.000076067,,,,
27917,10.1016/j.joule.2017.09.006,25289,10a,31515,Ag9Ga(Se1-xTex)6_ x=0%,Ag9GaSe6,500,,0.028849,,,,,,0.1526,-0.00008283,,,,
27917,10.1016/j.joule.2017.09.006,25289,10a,31515,Ag9Ga(Se1-xTex)6_ x=0%,Ag9GaSe6,550,,0.02585,,,,,,0.17084,-0.000089523,,,,
27917,10.1016/j.joule.2017.09.006,25289,10a,31515,Ag9Ga(Se1-xTex)6_ x=0%,Ag9GaSe6,600,,0.022852,,,,,,0.18909,-0.000096146,,,,
27917,10.1016/j.joule.2017.09.006,25289,10a,31515,Ag9Ga(Se1-xTex)6_ x=0%,Ag9GaSe6,650,,0.019854,,,,,,0.20733,-0.0001027,,,,
27917,10.1016/j.joule.2017.09.006,25289,10a,31515,Ag9Ga(Se1-xTex)6_ x=0%,Ag9GaSe6,700,,0.016856,,,,,,0.22557,-0.00010918,,,,
27917,10.1016/j.joule.2017.09.006,25289,10a,31515,Ag9Ga(Se1-xTex)6_ x=0%,Ag9GaSe6,750,,0.013858,,,,,,0.24381,-0.0001156,,,,
27917,10.1016/j.joule.2017.09.006,25289,10a,31515,Ag9Ga(Se1-xTex)6_ x=0%,Ag9GaSe6,800,,0.01086,,,,,,0.26205,-0.00012194,,,,
27917,10.1016/j.joule.2017.09.006,25299,11a,31515,Ag9Ga(Se1-xTex)6_ x=0%,Ag9GaSe6,850,,,,,,,,0.2803,-0.00012822,,,,
27917,10.1016/j.joule.2017.09.006,25289,10a,31524,Ag9Ga(Se1-xTex)6_ x=12%,Ag9Ga(Se0.88Te0.12)6,350,,0.044165,,,,,,0.32661,-0.0001164,,,,
27917,10.1016/j.joule.2017.09.006,25289,10a,31524,Ag9Ga(Se1-xTex)6_ x=12%,Ag9Ga(Se0.88Te0.12)6,400,,0.04055,,,,,,0.36666,-0.00012425,,,,
27917,10.1016/j.joule.2017.09.006,25289,10a,31524,Ag9Ga(Se1-xTex)6_ x=12%,Ag9Ga(Se0.88Te0.12)6,450,,0.036935,,,,,,0.40671,-0.0001321,,,,
27917,10.1016/j.joule.2017.09.006,25289,10a,31524,Ag9Ga(Se1-xTex)6_ x=12%,Ag9Ga(Se0.88Te0.12)6,500,,0.03332,,,,,,0.44676,-0.00013995,,,,
27917,10.1016/j.joule.2017.09.006,25289,10a,31524,Ag9Ga(Se1-xTex)6_ x=12%,Ag9Ga(Se0.88Te0.12)6,550,,0.029705,,,,,,0.4868,-0.0001478,,,,
27917,10.1016/j.joule.2017.09.006,25289,10a,31524,Ag9Ga(Se1-xTex)6_ x=12%,Ag9Ga(Se0.88Te0.12)6,600,,0.02609,,,,,,0.52685,-0.00015565,,,,
27917,10.1016/j.joule.2017.09.006,25289,10a,31524,Ag9Ga(Se1-xTex)6_ x=12%,Ag9Ga(Se0.88Te0.12)6,650,,0.022475,,,,,,0.5669,-0.0001635,,,,
27917,10.1016/j.joule.2017.09.006,25289,10a,31524,Ag9Ga(Se1-xTex)6_ x=12%,Ag9Ga(Se0.88Te0.12)6,700,,0.01886,,,,,,0.60694,-0.00017134,,,,
27917,10.1016/j.joule.2017.09.006,25289,10a,31524,Ag9Ga(Se1-xTex)6_ x=12%,Ag9Ga(Se0.88Te0.12)6,750,,0.015244,,,,,,0.64699,-0.00017919,,,,
27917,10.1016/j.joule.2017.09.006,25289,10a,31524,Ag9Ga(Se1-xTex)6_ x=12%,Ag9Ga(Se0.88Te0.12)6,800,,0.011629,,,,,,0.68704,-0.00018704,,,,
27917,10.1016/j.joule.2017.09.006,25314,11b,31524,Ag9Ga(Se1-xTex)6_ x=12%,Ag9Ga(Se0.88Te0.12)6,850,,,,,,,,0.72709,,,,,
27917,10.1016/j.joule.2017.09.006,25289,10a,31525,Ag9Ga(Se1-xTex)6_ x=15%,Ag9Ga(Se0.85Te0.15)6,350,,0.045604,,,,,,0.29574,-0.00010576,,,,
27917,10.1016/j.joule.2017.09.006,25289,10a,31525,Ag9Ga(Se1-xTex)6_ x=15%,Ag9Ga(Se0.85Te0.15)6,400,,0.041778,,,,,,0.33948,-0.00011389,,,,
27917,10.1016/j.joule.2017.09.006,25289,10a,31525,Ag9Ga(Se1-xTex)6_ x=15%,Ag9Ga(Se0.85Te0.15)6,450,,0.037953,,,,,,0.38322,-0.00012201,,,,
27917,10.1016/j.joule.2017.09.006,25289,10a,31525,Ag9Ga(Se1-xTex)6_ x=15%,Ag9Ga(Se0.85Te0.15)6,500,,0.034128,,,,,,0.42696,-0.00013013,,,,
27917,10.1016/j.joule.2017.09.006,25289,10a,31525,Ag9Ga(Se1-xTex)6_ x=15%,Ag9Ga(Se0.85Te0.15)6,550,,0.030303,,,,,,0.4707,-0.00013825,,,,
27917,10.1016/j.joule.2017.09.006,25289,10a,31525,Ag9Ga(Se1-xTex)6_ x=15%,Ag9Ga(Se0.85Te0.15)6,600,,0.026478,,,,,,0.51445,-0.00014638,,,,
27917,10.1016/j.joule.2017.09.006,25289,10a,31525,Ag9Ga(Se1-xTex)6_ x=15%,Ag9Ga(Se0.85Te0.15)6,650,,0.022653,,,,,,0.55819,-0.0001545,,,,
27917,10.1016/j.joule.2017.09.006,25289,10a,31525,Ag9Ga(Se1-xTex)6_ x=15%,Ag9Ga(Se0.85Te0.15)6,700,,0.018828,,,,,,0.60193,-0.00016262,,,,
27917,10.1016/j.joule.2017.09.006,25289,10a,31525,Ag9Ga(Se1-xTex)6_ x=15%,Ag9Ga(Se0.85Te0.15)6,750,,0.015003,,,,,,0.64567,-0.00017074,,,,
27917,10.1016/j.joule.2017.09.006,25289,10a,31525,Ag9Ga(Se1-xTex)6_ x=15%,Ag9Ga(Se0.85Te0.15)6,800,,0.011178,,,,,,0.68941,-0.00017886,,,,
27917,10.1016/j.joule.2017.09.006,25299,11a,31525,Ag9Ga(Se1-xTex)6_ x=15%,Ag9Ga(Se0.85Te0.15)6,300,,,,,,,,,-0.000097642,,,,
27917,10.1016/j.joule.2017.09.006,25314,11b,31525,Ag9Ga(Se1-xTex)6_ x=15%,Ag9Ga(Se0.85Te0.15)6,850,,,,,,,,0.73316,,,,,
27917,10.1016/j.joule.2017.09.006,25289,10a,31526,Ag9Ga(Se1-xTex)6_ x=17%,Ag9Ga(Se0.83Te0.17)6,350,,0.048184,,,,,,0.55845,-0.00014917,,,,
27917,10.1016/j.joule.2017.09.006,25289,10a,31526,Ag9Ga(Se1-xTex)6_ x=17%,Ag9Ga(Se0.83Te0.17)6,400,,0.044162,,,,,,0.61629,-0.0001572,,,,
27917,10.1016/j.joule.2017.09.006,25289,10a,31526,Ag9Ga(Se1-xTex)6_ x=17%,Ag9Ga(Se0.83Te0.17)6,450,,0.040139,,,,,,0.67412,-0.00016523,,,,
27917,10.1016/j.joule.2017.09.006,25289,10a,31526,Ag9Ga(Se1-xTex)6_ x=17%,Ag9Ga(Se0.83Te0.17)6,500,,0.036117,,,,,,0.73195,-0.00017326,,,,
27917,10.1016/j.joule.2017.09.006,25289,10a,31526,Ag9Ga(Se1-xTex)6_ x=17%,Ag9Ga(Se0.83Te0.17)6,550,,0.032095,,,,,,0.78978,-0.00018129,,,,
27917,10.1016/j.joule.2017.09.006,25289,10a,31526,Ag9Ga(Se1-xTex)6_ x=17%,Ag9Ga(Se0.83Te0.17)6,600,,0.028072,,,,,,0.84761,-0.00018932,,,,
27917,10.1016/j.joule.2017.09.006,25289,10a,31526,Ag9Ga(Se1-xTex)6_ x=17%,Ag9Ga(Se0.83Te0.17)6,650,,0.02405,,,,,,0.90544,-0.00019735,,,,
27917,10.1016/j.joule.2017.09.006,25289,10a,31526,Ag9Ga(Se1-xTex)6_ x=17%,Ag9Ga(Se0.83Te0.17)6,700,,0.020027,,,,,,0.96328,-0.00020539,,,,
27917,10.1016/j.joule.2017.09.006,25289,10a,31526,Ag9Ga(Se1-xTex)6_ x=17%,Ag9Ga(Se0.83Te0.17)6,750,,0.016005,,,,,,1.0211,-0.00021342,,,,
27917,10.1016/j.joule.2017.09.006,25289,10a,31526,Ag9Ga(Se1-xTex)6_ x=17%,Ag9Ga(Se0.83Te0.17)6,800,,0.011983,,,,,,1.0789,-0.00022145,,,,
27917,10.1016/j.joule.2017.09.006,25289,10a,31526,Ag9Ga(Se1-xTex)6_ x=17%,Ag9Ga(Se0.83Te0.17)6,850,,0.0079602,,,,,,1.1368,,,,,
27917,10.1016/j.joule.2017.09.006,25289,10a,31527,Ag9Ga(Se1-xTex)6_ x=10%,Ag9Ga(Se0.9Te0.1)6,350,,0.041474,,,,,,0.49558,-0.00013028,,,,
27917,10.1016/j.joule.2017.09.006,25289,10a,31527,Ag9Ga(Se1-xTex)6_ x=10%,Ag9Ga(Se0.9Te0.1)6,400,,0.038147,,,,,,0.51655,-0.00013847,,,,
27917,10.1016/j.joule.2017.09.006,25289,10a,31527,Ag9Ga(Se1-xTex)6_ x=10%,Ag9Ga(Se0.9Te0.1)6,450,,0.034821,,,,,,0.53752,-0.00014666,,,,
27917,10.1016/j.joule.2017.09.006,25289,10a,31527,Ag9Ga(Se1-xTex)6_ x=10%,Ag9Ga(Se0.9Te0.1)6,500,,0.031494,,,,,,0.55849,-0.00015484,,,,
27917,10.1016/j.joule.2017.09.006,25289,10a,31527,Ag9Ga(Se1-xTex)6_ x=10%,Ag9Ga(Se0.9Te0.1)6,550,,0.028167,,,,,,0.57946,-0.00016303,,,,
27917,10.1016/j.joule.2017.09.006,25289,10a,31527,Ag9Ga(Se1-xTex)6_ x=10%,Ag9Ga(Se0.9Te0.1)6,600,,0.024841,,,,,,0.60043,-0.00017121,,,,
27917,10.1016/j.joule.2017.09.006,25289,10a,31527,Ag9Ga(Se1-xTex)6_ x=10%,Ag9Ga(Se0.9Te0.1)6,650,,0.021514,,,,,,0.6214,-0.0001794,,,,
27917,10.1016/j.joule.2017.09.006,25289,10a,31527,Ag9Ga(Se1-xTex)6_ x=10%,Ag9Ga(Se0.9Te0.1)6,700,,0.018187,,,,,,0.64237,-0.00018759,,,,
27917,10.1016/j.joule.2017.09.006,25289,10a,31527,Ag9Ga(Se1-xTex)6_ x=10%,Ag9Ga(Se0.9Te0.1)6,750,,0.014861,,,,,,0.66334,-0.00019577,,,,
27917,10.1016/j.joule.2017.09.006,25289,10a,31527,Ag9Ga(Se1-xTex)6_ x=10%,Ag9Ga(Se0.9Te0.1)6,800,,0.011534,,,,,,0.68431,-0.00020396,,,,
27917,10.1016/j.joule.2017.09.006,25289,10a,31516,Ag9Ga(Se1-xTex)6_ x=5%,Ag9Ga(Se0.95Te0.05)6,350,,0.040963,,,,,,0.14248,-0.00006985,,,,
27917,10.1016/j.joule.2017.09.006,25289,10a,31516,Ag9Ga(Se1-xTex)6_ x=5%,Ag9Ga(Se0.95Te0.05)6,400,,0.037734,,,,,,0.1655,-0.000076597,,,,
27917,10.1016/j.joule.2017.09.006,25289,10a,31516,Ag9Ga(Se1-xTex)6_ x=5%,Ag9Ga(Se0.95Te0.05)6,450,,0.034506,,,,,,0.18852,-0.000083343,,,,
27917,10.1016/j.joule.2017.09.006,25289,10a,31516,Ag9Ga(Se1-xTex)6_ x=5%,Ag9Ga(Se0.95Te0.05)6,500,,0.031277,,,,,,0.21154,-0.00009009,,,,
27917,10.1016/j.joule.2017.09.006,25289,10a,31516,Ag9Ga(Se1-xTex)6_ x=5%,Ag9Ga(Se0.95Te0.05)6,550,,0.028049,,,,,,0.23455,-0.000096837,,,,
27917,10.1016/j.joule.2017.09.006,25289,10a,31516,Ag9Ga(Se1-xTex)6_ x=5%,Ag9Ga(Se0.95Te0.05)6,600,,0.02482,,,,,,0.25757,-0.00010358,,,,
27917,10.1016/j.joule.2017.09.006,25289,10a,31516,Ag9Ga(Se1-xTex)6_ x=5%,Ag9Ga(Se0.95Te0.05)6,650,,0.021592,,,,,,0.28059,-0.00011033,,,,
27917,10.1016/j.joule.2017.09.006,25289,10a,31516,Ag9Ga(Se1-xTex)6_ x=5%,Ag9Ga(Se0.95Te0.05)6,700,,0.018363,,,,,,0.30361,-0.00011708,,,,
27917,10.1016/j.joule.2017.09.006,25289,10a,31516,Ag9Ga(Se1-xTex)6_ x=5%,Ag9Ga(Se0.95Te0.05)6,750,,0.015135,,,,,,0.32663,-0.00012382,,,,
27917,10.1016/j.joule.2017.09.006,25289,10a,31516,Ag9Ga(Se1-xTex)6_ x=5%,Ag9Ga(Se0.95Te0.05)6,800,,0.011906,,,,,,0.34965,-0.00013057,,,,
27917,10.1016/j.joule.2017.09.006,25289,10a,31516,Ag9Ga(Se1-xTex)6_ x=5%,Ag9Ga(Se0.95Te0.05)6,850,,0.0086775,,,,,,0.37266,-0.00013732,,,,
27917,10.1016/j.joule.2017.09.006,25299,11a,31523,Ag9Ga(Se1-xTex)6_ x=8%,Ag9Ga(Se0.92Te0.08)6,350,,,,,,,,0.18122,-0.00008711,,,,
27917,10.1016/j.joule.2017.09.006,25299,11a,31523,Ag9Ga(Se1-xTex)6_ x=8%,Ag9Ga(Se0.92Te0.08)6,400,,,,,,,,0.20396,-0.00009473,,,,
27917,10.1016/j.joule.2017.09.006,25299,11a,31523,Ag9Ga(Se1-xTex)6_ x=8%,Ag9Ga(Se0.92Te0.08)6,450,,,,,,,,0.22669,-0.00010235,,,,
27917,10.1016/j.joule.2017.09.006,25299,11a,31523,Ag9Ga(Se1-xTex)6_ x=8%,Ag9Ga(Se0.92Te0.08)6,500,,,,,,,,0.24943,-0.00010997,,,,
27917,10.1016/j.joule.2017.09.006,25299,11a,31523,Ag9Ga(Se1-xTex)6_ x=8%,Ag9Ga(Se0.92Te0.08)6,550,,,,,,,,0.27216,-0.00011759,,,,
27917,10.1016/j.joule.2017.09.006,25299,11a,31523,Ag9Ga(Se1-xTex)6_ x=8%,Ag9Ga(Se0.92Te0.08)6,600,,,,,,,,0.2949,-0.00012521,,,,
27917,10.1016/j.joule.2017.09.006,25299,11a,31523,Ag9Ga(Se1-xTex)6_ x=8%,Ag9Ga(Se0.92Te0.08)6,650,,,,,,,,0.31764,-0.00013283,,,,
27917,10.1016/j.joule.2017.09.006,25299,11a,31523,Ag9Ga(Se1-xTex)6_ x=8%,Ag9Ga(Se0.92Te0.08)6,700,,,,,,,,0.34037,-0.00014045,,,,
27917,10.1016/j.joule.2017.09.006,25299,11a,31523,Ag9Ga(Se1-xTex)6_ x=8%,Ag9Ga(Se0.92Te0.08)6,750,,,,,,,,0.36311,-0.00014807,,,,
27917,10.1016/j.joule.2017.09.006,25299,11a,31523,Ag9Ga(Se1-xTex)6_ x=8%,Ag9Ga(Se0.92Te0.08)6,800,,,,,,,,0.38585,-0.00015569,,,,
27918,10.1063/1.4963779,25302,2(a),31528,Ag1-xInxBiSe2_ x=0,undefined,350,,,5804.1,0.00017229,,,0.64029,,-0.00014684,0.67844,0.060782,0.0001251479,0.0001844642
27918,10.1063/1.4963779,25302,2(a),31528,Ag1-xInxBiSe2_ x=0,undefined,400,,,5323.4,0.00018785,,,0.62162,,-0.00016554,0.65824,0.084082,0.0001458797,0.0002216209
27918,10.1063/1.4963779,25302,2(a),31528,Ag1-xInxBiSe2_ x=0,undefined,450,,,4842.7,0.0002065,,,0.60294,,-0.00018424,0.63803,0.10738,0.0001643824,0.0002576406
27918,10.1063/1.4963779,25302,2(a),31528,Ag1-xInxBiSe2_ x=0,undefined,500,,,4362,0.00022925,,,0.58427,,-0.00020293,0.61782,0.13068,0.0001796297,0.0002907476
27918,10.1063/1.4963779,25302,2(a),31528,Ag1-xInxBiSe2_ x=0,undefined,550,,,3881.3,0.00025765,,,0.5656,,-0.00022163,0.59761,0.15398,0.0001906489,0.0003190189
27918,10.1063/1.4963779,25302,2(a),31528,Ag1-xInxBiSe2_ x=0,undefined,600,,,3400.6,0.00029407,,,0.54692,,-0.00024033,0.5774,0.17728,0.0001964136,0.000340169
27918,10.1063/1.4963779,25302,2(a),31528,Ag1-xInxBiSe2_ x=0,undefined,650,,,2919.9,0.00034248,,,0.52825,,-0.00025903,0.55719,0.20058,0.0001959152,0.0003516129
27918,10.1063/1.4963779,25302,2(a),31528,Ag1-xInxBiSe2_ x=0,undefined,700,,,2439.2,0.00040997,,,0.50958,,-0.00027772,0.53698,0.22388,0.0001881316,0.0003503512
27918,10.1063/1.4963779,25302,2(a),31528,Ag1-xInxBiSe2_ x=0,undefined,750,,,1958.5,0.00051059,,,0.4909,,-0.00029642,0.51677,0.24718,0.0001720832,0.0003329977
27918,10.1063/1.4963779,25305,5(b),31528,Ag1-xInxBiSe2_ x=0,undefined,300,,,,,,,0.65896,,,,,,
27918,10.1063/1.4963779,25302,2(a),31529,Ag1-xInxBiSe2_ x=0.005,undefined,350,,,14118,0.000070832,,,0.64465,,-0.00012507,0.73745,0.10765,0.0002208409,0.0002994656
27918,10.1063/1.4963779,25302,2(a),31529,Ag1-xInxBiSe2_ x=0.005,undefined,400,,,12838,0.000077894,,,0.6144,,-0.00014139,0.70234,0.15062,0.0002566462,0.0003654158
27918,10.1063/1.4963779,25302,2(a),31529,Ag1-xInxBiSe2_ x=0.005,undefined,450,,,11559,0.000086513,,,0.58415,,-0.0001577,0.66724,0.19359,0.0002874641,0.0004308257
27918,10.1063/1.4963779,25302,2(a),31529,Ag1-xInxBiSe2_ x=0.005,undefined,500,,,10279,0.000097286,,,0.5539,,-0.00017402,0.63214,0.23657,0.0003112785,0.0004924203
27918,10.1063/1.4963779,25302,2(a),31529,Ag1-xInxBiSe2_ x=0.005,undefined,550,,,8999,0.00011112,,,0.52365,,-0.00019034,0.59703,0.27954,0.0003260276,0.0005460825
27918,10.1063/1.4963779,25302,2(a),31529,Ag1-xInxBiSe2_ x=0.005,undefined,600,,,7719.1,0.00012955,,,0.49341,,-0.00020665,0.56193,0.32251,0.0003296382,0.0005866178
27918,10.1063/1.4963779,25302,2(a),31529,Ag1-xInxBiSe2_ x=0.005,undefined,650,,,6439.3,0.0001553,,,0.46316,,-0.00022297,0.52683,0.36548,0.0003201338,0.0006076605
27918,10.1063/1.4963779,25302,2(a),31529,Ag1-xInxBiSe2_ x=0.005,undefined,700,,,5159.5,0.00019382,,,0.43291,,-0.00023928,0.49172,0.40846,0.0002954068,0.0006007621
27918,10.1063/1.4963779,25302,2(a),31529,Ag1-xInxBiSe2_ x=0.005,undefined,750,,,3879.6,0.00025776,,,0.40266,,-0.0002556,0.45662,0.45143,0.0002534595,0.0005550776
27918,10.1063/1.4963779,25302,2(a),31530,Ag1-xInxBiSe2_ x=0.01,undefined,350,,,26504,0.00003773,,,0.57938,,-0.00010286,0.76128,0.12206,0.0002804171,0.0003683495
27918,10.1063/1.4963779,25302,2(a),31530,Ag1-xInxBiSe2_ x=0.01,undefined,400,,,23865,0.000041902,,,0.55683,,-0.00011902,0.72626,0.17909,0.0003380659,0.0004654888
27918,10.1063/1.4963779,25302,2(a),31530,Ag1-xInxBiSe2_ x=0.01,undefined,450,,,21226,0.000047112,,,0.53428,,-0.00013518,0.69124,0.23613,0.0003878761,0.0005611309
27918,10.1063/1.4963779,25302,2(a),31530,Ag1-xInxBiSe2_ x=0.01,undefined,500,,,18586,0.000053804,,,0.51173,,-0.00015135,0.65622,0.29317,0.0004257462,0.0006487858
27918,10.1063/1.4963779,25302,2(a),31530,Ag1-xInxBiSe2_ x=0.01,undefined,550,,,15947,0.000062708,,,0.48918,,-0.00016751,0.6212,0.35021,0.0004474664,0.0007203259
27918,10.1063/1.4963779,25302,2(a),31530,Ag1-xInxBiSe2_ x=0.01,undefined,600,,,13308,0.000075143,,,0.46662,,-0.00018367,0.58619,0.40724,0.000448941,0.0007658626
27918,10.1063/1.4963779,25302,2(a),31530,Ag1-xInxBiSe2_ x=0.01,undefined,650,,,10668,0.000093738,,,0.44407,,-0.00019983,0.55117,0.46428,0.0004259949,0.000772892
27918,10.1063/1.4963779,25302,2(a),31530,Ag1-xInxBiSe2_ x=0.01,undefined,700,,,8028.8,0.00012455,,,0.42152,,-0.00021599,0.51615,0.52132,0.000374557,0.0007256747
27918,10.1063/1.4963779,25302,2(a),31530,Ag1-xInxBiSe2_ x=0.01,undefined,750,,,5389.4,0.00018555,,,0.39897,,-0.00023216,0.48113,0.57836,0.0002904793,0.0006037439
27918,10.1063/1.4963779,25306,6,31530,Ag1-xInxBiSe2_ x=0.01,undefined,300,,,,,,,,,,,0.065017,,
27918,10.1063/1.4963779,25302,2(a),31531,Ag1-xInxBiSe2_ x=0.015,undefined,350,,,29842,0.00003351,,,0.61636,,-0.000086533,0.83043,0.066068,0.0002234557,0.0002690843
27918,10.1063/1.4963779,25302,2(a),31531,Ag1-xInxBiSe2_ x=0.015,undefined,400,,,27382,0.00003652,,,0.58508,,-0.00010021,0.79026,0.13458,0.0002749713,0.0003479504
27918,10.1063/1.4963779,25302,2(a),31531,Ag1-xInxBiSe2_ x=0.015,undefined,450,,,24921,0.000040127,,,0.5538,,-0.00011389,0.75008,0.20308,0.0003232486,0.0004309522
27918,10.1063/1.4963779,25302,2(a),31531,Ag1-xInxBiSe2_ x=0.015,undefined,500,,,22461,0.000044522,,,0.52252,,-0.00012757,0.70991,0.27159,0.0003655327,0.0005149
27918,10.1063/1.4963779,25302,2(a),31531,Ag1-xInxBiSe2_ x=0.015,undefined,550,,,20001,0.000049998,,,0.49124,,-0.00014125,0.66973,0.3401,0.0003990512,0.0005958389
27918,10.1063/1.4963779,25302,2(a),31531,Ag1-xInxBiSe2_ x=0.015,undefined,600,,,17540,0.000057013,,,0.45996,,-0.00015493,0.62956,0.40861,0.000421018,0.0006687496
27918,10.1063/1.4963779,25302,2(a),31531,Ag1-xInxBiSe2_ x=0.015,undefined,650,,,15080,0.000066313,,,0.42867,,-0.00016861,0.58938,0.47712,0.0004287143,0.0007273988
27918,10.1063/1.4963779,25302,2(a),31531,Ag1-xInxBiSe2_ x=0.015,undefined,700,,,12620,0.000079239,,,0.39739,,-0.00018228,0.5492,0.54563,0.0004193121,0.0007634962
27918,10.1063/1.4963779,25302,2(a),31531,Ag1-xInxBiSe2_ x=0.015,undefined,750,,,10159,0.000098435,,,0.36611,,-0.00019596,0.50903,0.61413,0.0003901089,0.000766377
27918,10.1063/1.4963779,25302,2(a),31532,Ag1-xInxBiSe2_ x=0.02,undefined,350,,,27660,0.000036153,,,0.6295,,-0.000089635,0.82361,0.068794,0.0002222324,0.0002698273
27918,10.1063/1.4963779,25302,2(a),31532,Ag1-xInxBiSe2_ x=0.02,undefined,400,,,26209,0.000038155,,,0.60541,,-0.00009966,0.80253,0.12406,0.0002603108,0.0003243627
27918,10.1063/1.4963779,25302,2(a),31532,Ag1-xInxBiSe2_ x=0.02,undefined,450,,,24759,0.000040389,,,0.58132,,-0.00010969,0.78146,0.17932,0.0002978977,0.0003812066
27918,10.1063/1.4963779,25302,2(a),31532,Ag1-xInxBiSe2_ x=0.02,undefined,500,,,23308,0.000042904,,,0.55723,,-0.00011971,0.76039,0.23459,0.0003340149,0.0004392679
27918,10.1063/1.4963779,25302,2(a),31532,Ag1-xInxBiSe2_ x=0.02,undefined,550,,,21857,0.000045752,,,0.53314,,-0.00012974,0.73931,0.28985,0.0003679072,0.000497636
27918,10.1063/1.4963779,25302,2(a),31532,Ag1-xInxBiSe2_ x=0.02,undefined,600,,,20407,0.000049003,,,0.50905,,-0.00013976,0.71824,0.34512,0.000398607,0.0005549775
27918,10.1063/1.4963779,25302,2(a),31532,Ag1-xInxBiSe2_ x=0.02,undefined,650,,,18956,0.000052754,,,0.48496,,-0.00014979,0.69716,0.40038,0.0004253166,0.0006100703
27918,10.1063/1.4963779,25302,2(a),31532,Ag1-xInxBiSe2_ x=0.02,undefined,700,,,17506,0.000057123,,,0.46087,,-0.00015981,0.67609,0.45565,0.0004470899,0.0006612875
27918,10.1063/1.4963779,25302,2(a),31532,Ag1-xInxBiSe2_ x=0.02,undefined,750,,,16055,0.000062286,,,0.43678,,-0.00016984,0.65501,0.51091,0.0004631165,0.0007070373
27918,10.1063/1.4963779,25305,5(b),31532,Ag1-xInxBiSe2_ x=0.02,undefined,300,,,,,,,0.65359,,,,,,
27919,10.1039/c7cc05935c,25315,3a,31540,Ag9GaSe6-x_ x=0,Ag9GaSe6,300,,,2879,0.00034734,,,,,-0.00025017,0.2359,0.30358,0.0001801823,0.000763808
27919,10.1039/c7cc05935c,25315,3a,31540,Ag9GaSe6-x_ x=0,Ag9GaSe6,350,,,3929.2,0.0002545,,,,,-0.00024723,0.25139,0.39296,0.0002401632,0.0009553411
27919,10.1039/c7cc05935c,25315,3a,31540,Ag9GaSe6-x_ x=0,Ag9GaSe6,400,,,4979.4,0.00020083,,,,,-0.0002443,0.26688,0.48234,0.000297183,0.0011135454
27919,10.1039/c7cc05935c,25315,3a,31540,Ag9GaSe6-x_ x=0,Ag9GaSe6,450,,,6029.6,0.00016585,,,,,-0.00024136,0.28237,0.57172,0.0003512522,0.0012439432
27919,10.1039/c7cc05935c,25315,3a,31540,Ag9GaSe6-x_ x=0,Ag9GaSe6,500,,,7079.8,0.00014125,,,,,-0.00023842,0.29787,0.6611,0.0004024448,0.0013510754
27919,10.1039/c7cc05935c,25315,3a,31540,Ag9GaSe6-x_ x=0,Ag9GaSe6,550,,,8130,0.000123,,,,,-0.00023549,0.31336,0.75048,0.0004508535,0.0014387718
27919,10.1039/c7cc05935c,25315,3a,31540,Ag9GaSe6-x_ x=0,Ag9GaSe6,600,,,9180.2,0.00010893,,,,,-0.00023255,0.32885,0.83987,0.0004964606,0.0015096872
27919,10.1039/c7cc05935c,25315,3a,31540,Ag9GaSe6-x_ x=0,Ag9GaSe6,650,,,10230,0.000097752,,,,,-0.00022961,0.34434,0.92925,0.0005393333,0.0015662813
27919,10.1039/c7cc05935c,25315,3a,31540,Ag9GaSe6-x_ x=0,Ag9GaSe6,700,,,11281,0.000088645,,,,,-0.00022668,0.35983,1.0186,0.0005796609,0.0016109299
27919,10.1039/c7cc05935c,25315,3a,31540,Ag9GaSe6-x_ x=0,Ag9GaSe6,750,,,12331,0.000081096,,,,,-0.00022374,0.37533,1.108,0.0006172848,0.0016446454
27919,10.1039/c7cc05935c,25316,3b,31540,Ag9GaSe6-x_ x=0,Ag9GaSe6,800,,,13381,0.000074733,,,,,,0.39082,,,
27919,10.1039/c7cc05935c,25315,3a,31541,Ag9GaSe6-x_ x=0.01,Ag9GaSe5.99,300,,,13300,0.000075188,,,,,-0.00017925,,,0.0004273365,
27919,10.1039/c7cc05935c,25315,3a,31541,Ag9GaSe6-x_ x=0.01,Ag9GaSe5.99,350,,,13305,0.00007516,,,,,-0.00018225,0.44436,0.30575,0.0004419264,0.0009945234
27919,10.1039/c7cc05935c,25315,3a,31541,Ag9GaSe6-x_ x=0.01,Ag9GaSe5.99,400,,,13311,0.000075126,,,,,-0.00018525,0.43444,0.41328,0.0004568011,0.001051471
27919,10.1039/c7cc05935c,25315,3a,31541,Ag9GaSe6-x_ x=0.01,Ag9GaSe5.99,450,,,13316,0.000075098,,,,,-0.00018825,0.42452,0.52081,0.0004718932,0.0011115925
27919,10.1039/c7cc05935c,25315,3a,31541,Ag9GaSe6-x_ x=0.01,Ag9GaSe5.99,500,,,13322,0.000075064,,,,,-0.00019125,0.41459,0.62834,0.000487273,0.0011753129
27919,10.1039/c7cc05935c,25315,3a,31541,Ag9GaSe6-x_ x=0.01,Ag9GaSe5.99,550,,,13327,0.000075036,,,,,-0.00019425,0.40467,0.73587,0.0005028685,0.0012426632
27919,10.1039/c7cc05935c,25315,3a,31541,Ag9GaSe6-x_ x=0.01,Ag9GaSe5.99,600,,,13333,0.000075002,,,,,-0.00019725,0.39475,0.8434,0.0005187545,0.0013141343
27919,10.1039/c7cc05935c,25315,3a,31541,Ag9GaSe6-x_ x=0.01,Ag9GaSe5.99,650,,,13338,0.000074974,,,,,-0.00020025,0.38483,0.95093,0.0005348546,0.0013898465
27919,10.1039/c7cc05935c,25315,3a,31541,Ag9GaSe6-x_ x=0.01,Ag9GaSe5.99,700,,,13344,0.00007494,,,,,-0.00020324,0.37491,1.0585,0.0005511939,0.0014702033
27919,10.1039/c7cc05935c,25315,3a,31541,Ag9GaSe6-x_ x=0.01,Ag9GaSe5.99,750,,,13349,0.000074912,,,,,-0.00020624,0.36499,1.166,0.0005677989,0.001555656
27919,10.1039/c7cc05935c,25315,3a,31541,Ag9GaSe6-x_ x=0.01,Ag9GaSe5.99,800,,,,,,,,,-0.00020924,0.35507,,,
27919,10.1039/c7cc05935c,25315,3a,31543,Ag9GaSe6-x_ x=0.03,Ag9GaSe5.97,350,,,48686,0.00002054,,,,,-0.000095885,0.57926,0.23566,0.0004476158,0.0007727373
27919,10.1039/c7cc05935c,25315,3a,31543,Ag9GaSe6-x_ x=0.03,Ag9GaSe5.97,400,,,44999,0.000022223,,,,,-0.00010525,0.56856,0.32439,0.0004984792,0.0008767399
27919,10.1039/c7cc05935c,25315,3a,31543,Ag9GaSe6-x_ x=0.03,Ag9GaSe5.97,450,,,41312,0.000024206,,,,,-0.00011461,0.55786,0.41311,0.0005426518,0.0009727383
27919,10.1039/c7cc05935c,25315,3a,31543,Ag9GaSe6-x_ x=0.03,Ag9GaSe5.97,500,,,37625,0.000026578,,,,,-0.00012398,0.54715,0.50184,0.0005783354,0.0010569961
27919,10.1039/c7cc05935c,25315,3a,31543,Ag9GaSe6-x_ x=0.03,Ag9GaSe5.97,550,,,33938,0.000029465,,,,,-0.00013334,0.53645,0.59057,0.0006034026,0.0011248067
27919,10.1039/c7cc05935c,25315,3a,31543,Ag9GaSe6-x_ x=0.03,Ag9GaSe5.97,600,,,30250,0.000033058,,,,,-0.00014271,0.52575,0.6793,0.0006160759,0.0011718038
27919,10.1039/c7cc05935c,25315,3a,31543,Ag9GaSe6-x_ x=0.03,Ag9GaSe5.97,650,,,26563,0.000037646,,,,,-0.00015207,0.51505,0.76802,0.0006142769,0.001192655
27919,10.1039/c7cc05935c,25315,3a,31543,Ag9GaSe6-x_ x=0.03,Ag9GaSe5.97,700,,,22876,0.000043714,,,,,-0.00016144,0.50435,0.85675,0.0005962143,0.0011821439
27919,10.1039/c7cc05935c,25315,3a,31543,Ag9GaSe6-x_ x=0.03,Ag9GaSe5.97,750,,,19189,0.000052113,,,,,-0.0001708,0.49365,0.94548,0.0005597938,0.0011339892
27919,10.1039/c7cc05935c,25316,3b,31543,Ag9GaSe6-x_ x=0.03,Ag9GaSe5.97,300,,,52373,0.000019094,,,,,,,0.14693,,
27919,10.1039/c7cc05935c,25316,3b,31543,Ag9GaSe6-x_ x=0.03,Ag9GaSe5.97,800,,,15502,0.000064508,,,,,,,,,
27919,10.1039/c7cc05935c,25315,3a,31542,Ag9GaSe6-x_ x=0.02,Ag9GaSe5.98,350,,,40777,0.000024524,,,,,-0.00011149,0.54432,0.27916,0.0005068589,0.0009311782
27919,10.1039/c7cc05935c,25315,3a,31542,Ag9GaSe6-x_ x=0.02,Ag9GaSe5.98,400,,,37883,0.000026397,,,,,-0.00012055,0.53506,0.37725,0.0005505272,0.0010289074
27919,10.1039/c7cc05935c,25315,3a,31542,Ag9GaSe6-x_ x=0.02,Ag9GaSe5.98,450,,,34988,0.000028581,,,,,-0.00012961,0.52581,0.47534,0.0005877547,0.0011178082
27919,10.1039/c7cc05935c,25315,3a,31542,Ag9GaSe6-x_ x=0.02,Ag9GaSe5.98,500,,,32094,0.000031158,,,,,-0.00013866,0.51655,0.57343,0.0006170584,0.0011945762
27919,10.1039/c7cc05935c,25315,3a,31542,Ag9GaSe6-x_ x=0.02,Ag9GaSe5.98,550,,,29200,0.000034247,,,,,-0.00014772,0.50729,0.67152,0.000637179,0.0012560449
27919,10.1039/c7cc05935c,25315,3a,31542,Ag9GaSe6-x_ x=0.02,Ag9GaSe5.98,600,,,26306,0.000038014,,,,,-0.00015677,0.49804,0.76961,0.0006465182,0.001298125
27919,10.1039/c7cc05935c,25315,3a,31542,Ag9GaSe6-x_ x=0.02,Ag9GaSe5.98,650,,,23412,0.000042713,,,,,-0.00016583,0.48878,0.8677,0.0006438204,0.0013171987
27919,10.1039/c7cc05935c,25315,3a,31542,Ag9GaSe6-x_ x=0.02,Ag9GaSe5.98,700,,,20518,0.000048738,,,,,-0.00017488,0.47952,0.96579,0.0006275023,0.001308605
27919,10.1039/c7cc05935c,25315,3a,31542,Ag9GaSe6-x_ x=0.02,Ag9GaSe5.98,750,,,17624,0.000056741,,,,,-0.00018394,0.47027,1.0639,0.0005962891,0.0012679717
27919,10.1039/c7cc05935c,25316,3b,31542,Ag9GaSe6-x_ x=0.02,Ag9GaSe5.98,300,,,43671,0.000022898,,,,,,0.55358,,,
27919,10.1039/c7cc05935c,25318,3d,31542,Ag9GaSe6-x_ x=0.02,Ag9GaSe5.98,800,,,,,,,,,,,1.162,,