sid,DOI,figureid,fignum,sampleid,samplename,composition,Temperature,Carrier concentration,Electrical conductivity,Electrical resistivity,Hall movility,Lattice thermal conductivity,Seebeck coefficient,Thermal conductivity,ZT,Power factor,Figure of merit Z
2795,10.1039/c4ta01957a,11387,4a,13630,Cu2.95Sb1-xSnxSe4 (x=0.00),Cu2.95SbSe4,350,2.1736e+43,4495.4,0.00022245,0.0089055,2.4774,0.00038479,2.4047,0.10158,0.000665604,0.0002767929
2795,10.1039/c4ta01957a,11387,4a,13630,Cu2.95Sb1-xSnxSe4 (x=0.00),Cu2.95SbSe4,400,7.8106e+43,4926.6,0.00020298,0.007346,2.2236,0.00037006,2.1826,0.15205,0.0006746703,0.0003091131
2795,10.1039/c4ta01957a,11387,4a,13630,Cu2.95Sb1-xSnxSe4 (x=0.00),Cu2.95SbSe4,450,1.3448e+44,5453.8,0.00018336,0.0057865,1.9699,0.00035532,1.9604,0.20253,0.0006885548,0.0003512318
2795,10.1039/c4ta01957a,11387,4a,13630,Cu2.95Sb1-xSnxSe4 (x=0.00),Cu2.95SbSe4,500,1.9085e+44,6112.1,0.00016361,0.0042271,1.7161,0.00034059,1.7383,0.253,0.0007090131,0.0004078773
2795,10.1039/c4ta01957a,11387,4a,13630,Cu2.95Sb1-xSnxSe4 (x=0.00),Cu2.95SbSe4,550,2.4722e+44,6958.5,0.00014371,0.0026676,1.4623,0.00032586,1.5162,0.30347,0.0007388865,0.0004873279
2795,10.1039/c4ta01957a,11387,4a,13630,Cu2.95Sb1-xSnxSe4 (x=0.00),Cu2.95SbSe4,600,3.0359e+44,8085.4,0.00012368,0.0011082,1.2086,0.00031112,1.2941,0.35395,0.0007826316,0.000604769
2795,10.1039/c4ta01957a,11387,4a,13630,Cu2.95Sb1-xSnxSe4 (x=0.00),Cu2.95SbSe4,650,,9661.8,0.0001035,,,0.00029639,1.072,0.40442,0.0008487605,0.0007917542
2795,10.1039/c4ta01957a,11388,4b,13630,Cu2.95Sb1-xSnxSe4 (x=0.00),Cu2.95SbSe4,300,-3.4633e+43,,,0.010465,2.7311,0.00039952,2.6268,,,
2795,10.1039/c4ta01957a,11387,4a,13631,Cu2.95Sb1-xSnxSe4 (x=0.01),Cu2.95Sb0.99Sn0.01Se4,350,5.1578e+25,28671,0.000034879,0.0033091,2.5468,0.00018132,2.6086,0.13201,0.0009426148,0.0003613489
2795,10.1039/c4ta01957a,11387,4a,13631,Cu2.95Sb1-xSnxSe4 (x=0.01),Cu2.95Sb0.99Sn0.01Se4,400,5.8696e+25,26249,0.000038096,0.0029428,2.2771,0.00019367,2.3642,0.20406,0.0009845493,0.0004164408
2795,10.1039/c4ta01957a,11387,4a,13631,Cu2.95Sb1-xSnxSe4 (x=0.01),Cu2.95Sb0.99Sn0.01Se4,450,6.5814e+25,23979,0.000041704,0.0025765,2.0073,0.00020602,2.1199,0.2761,0.0010177704,0.000480103
2795,10.1039/c4ta01957a,11387,4a,13631,Cu2.95Sb1-xSnxSe4 (x=0.01),Cu2.95Sb0.99Sn0.01Se4,500,7.2931e+25,22204,0.000045036,0.0022102,1.7376,0.00021837,1.8755,0.34814,0.0010588079,0.000564547
2795,10.1039/c4ta01957a,11387,4a,13631,Cu2.95Sb1-xSnxSe4 (x=0.01),Cu2.95Sb0.99Sn0.01Se4,550,8.0049e+25,21124,0.00004734,0.0018439,1.4679,0.00023072,1.6312,0.42018,0.0011244668,0.0006893494
2795,10.1039/c4ta01957a,11387,4a,13631,Cu2.95Sb1-xSnxSe4 (x=0.01),Cu2.95Sb0.99Sn0.01Se4,600,8.7166e+25,20430,0.000048948,0.0014776,1.1981,0.00024307,1.3868,0.49223,0.0012070662,0.0008703967
2795,10.1039/c4ta01957a,11387,4a,13631,Cu2.95Sb1-xSnxSe4 (x=0.01),Cu2.95Sb0.99Sn0.01Se4,650,9.4284e+25,19069,0.000052441,0.0011113,,0.00025542,1.1425,0.56427,0.0012440497,0.0010888837
2795,10.1039/c4ta01957a,11388,4b,13631,Cu2.95Sb1-xSnxSe4 (x=0.01),Cu2.95Sb0.99Sn0.01Se4,300,4.4461e+25,,,0.0036754,2.8166,0.00016897,2.8529,0.059972,,
2795,10.1039/c4ta01957a,11387,4a,13632,Cu2.95Sb1-xSnxSe4 (x=0.02),Cu2.95Sb0.98Sn0.02Se4,350,1.0416e+26,50163,0.000019935,0.0028365,2.5559,0.00012924,2.7556,0.1051,0.0008378715,0.0003040614
2795,10.1039/c4ta01957a,11387,4a,13632,Cu2.95Sb1-xSnxSe4 (x=0.02),Cu2.95Sb0.98Sn0.02Se4,400,1.1418e+26,46215,0.000021638,0.0025365,2.2899,0.00014373,2.5113,0.18671,0.0009547239,0.0003801712
2795,10.1039/c4ta01957a,11387,4a,13632,Cu2.95Sb1-xSnxSe4 (x=0.02),Cu2.95Sb0.98Sn0.02Se4,450,1.2419e+26,42398,0.000023586,0.0022365,2.0239,0.00015821,2.2669,0.26832,0.0010612391,0.0004681455
2795,10.1039/c4ta01957a,11387,4a,13632,Cu2.95Sb1-xSnxSe4 (x=0.02),Cu2.95Sb0.98Sn0.02Se4,500,1.3421e+26,38791,0.000025779,0.0019365,1.758,0.0001727,2.0226,0.34992,0.0011569528,0.0005720127
2795,10.1039/c4ta01957a,11387,4a,13632,Cu2.95Sb1-xSnxSe4 (x=0.02),Cu2.95Sb0.98Sn0.02Se4,550,1.4423e+26,35441,0.000028216,0.0016365,1.492,0.00018719,1.7783,0.43153,0.001241856,0.0006983389
2795,10.1039/c4ta01957a,11387,4a,13632,Cu2.95Sb1-xSnxSe4 (x=0.02),Cu2.95Sb0.98Sn0.02Se4,600,1.5424e+26,32364,0.000030899,0.0013365,1.226,0.00020167,1.534,0.51314,0.0013162694,0.0008580635
2795,10.1039/c4ta01957a,11387,4a,13632,Cu2.95Sb1-xSnxSe4 (x=0.02),Cu2.95Sb0.98Sn0.02Se4,650,1.6426e+26,29562,0.000033827,,,0.00021616,1.2897,0.59475,0.0013812888,0.0010710155
2795,10.1039/c4ta01957a,11387,4a,13633,Cu2.95Sb1-xSnxSe4 (x=0.03),Cu2.95Sb0.97Sn0.03Se4,350,1.5927e+26,61091,0.000016369,0.0023068,2.5446,0.00011518,2.8378,0.096687,0.0008104596,0.0002855943
2795,10.1039/c4ta01957a,11387,4a,13633,Cu2.95Sb1-xSnxSe4 (x=0.03),Cu2.95Sb0.97Sn0.03Se4,400,1.7043e+26,55426,0.000018042,0.0020841,2.2803,0.00012889,2.5969,0.17427,0.0009207717,0.0003545657
2795,10.1039/c4ta01957a,11387,4a,13633,Cu2.95Sb1-xSnxSe4 (x=0.03),Cu2.95Sb0.97Sn0.03Se4,450,1.8159e+26,50725,0.000019714,0.0018615,2.016,0.00014229,2.3561,0.25186,0.0010270009,0.0004358902
2795,10.1039/c4ta01957a,11387,4a,13633,Cu2.95Sb1-xSnxSe4 (x=0.03),Cu2.95Sb0.97Sn0.03Se4,500,1.9276e+26,46757,0.000021387,0.0016388,1.7517,0.00015548,2.1152,0.32945,0.0011303051,0.0005343727
2795,10.1039/c4ta01957a,11387,4a,13633,Cu2.95Sb1-xSnxSe4 (x=0.03),Cu2.95Sb0.97Sn0.03Se4,550,2.0392e+26,43367,0.000023059,0.0014162,1.4874,0.00016854,1.8744,0.40703,0.0012318714,0.0006572084
2795,10.1039/c4ta01957a,11387,4a,13633,Cu2.95Sb1-xSnxSe4 (x=0.03),Cu2.95Sb0.97Sn0.03Se4,600,2.1508e+26,40433,0.000024732,0.0011935,1.2231,0.00018154,1.6335,0.48462,0.0013325411,0.0008157583
2795,10.1039/c4ta01957a,11387,4a,13633,Cu2.95Sb1-xSnxSe4 (x=0.03),Cu2.95Sb0.97Sn0.03Se4,650,2.2625e+26,37873,0.000026404,0.00097086,,0.00019454,1.3927,0.56221,0.0014333344,0.0010291767
2795,10.1039/c4ta01957a,11390,9a,13633,Cu2.95Sb1-xSnxSe4 (x=0.03),Cu2.95Sb0.97Sn0.03Se4,300,,,,,2.809,,3.0786,,,
2795,10.1039/c4ta01957a,11387,4a,13634,Cu2.95Sb1-xSnxSe4 (x=0.04),Cu2.95Sb0.96Sn0.04Se4,350,2.2735e+26,83556,0.000011968,0.002265,2.7405,0.00010411,3.199,0.10298,0.0009056545,0.0002831055
2795,10.1039/c4ta01957a,11387,4a,13634,Cu2.95Sb1-xSnxSe4 (x=0.04),Cu2.95Sb0.96Sn0.04Se4,400,2.3246e+26,74036,0.000013507,0.0020542,2.4487,0.00011749,2.9026,0.1662,0.0010219855,0.0003520931
2795,10.1039/c4ta01957a,11387,4a,13634,Cu2.95Sb1-xSnxSe4 (x=0.04),Cu2.95Sb0.96Sn0.04Se4,450,2.3757e+26,66458,0.000015047,0.0018434,2.1569,0.0001303,2.6063,0.22942,0.0011283299,0.000432924
2795,10.1039/c4ta01957a,11387,4a,13634,Cu2.95Sb1-xSnxSe4 (x=0.04),Cu2.95Sb0.96Sn0.04Se4,500,2.4268e+26,60292,0.000016586,0.0016326,1.8651,0.00014254,2.3099,0.29264,0.0012249919,0.0005303225
2795,10.1039/c4ta01957a,11387,4a,13634,Cu2.95Sb1-xSnxSe4 (x=0.04),Cu2.95Sb0.96Sn0.04Se4,550,2.4779e+26,55169,0.000018126,0.0014218,1.5732,0.0001542,2.0136,0.35586,0.0013117886,0.0006514644
2795,10.1039/c4ta01957a,11387,4a,13634,Cu2.95Sb1-xSnxSe4 (x=0.04),Cu2.95Sb0.96Sn0.04Se4,600,,50852,0.000019665,,,0.00016528,,,0.0013891484,
2795,10.1039/c4ta01957a,11387,4a,13634,Cu2.95Sb1-xSnxSe4 (x=0.04),Cu2.95Sb0.96Sn0.04Se4,650,,47159,0.000021205,,,0.00017579,,,0.0014573133,
2795,10.1039/c4ta01957a,11388,4b,13634,Cu2.95Sb1-xSnxSe4 (x=0.04),Cu2.95Sb0.96Sn0.04Se4,300,,,,0.0024758,3.0324,0.000090148,3.4953,,,
3733,10.1007/s40243-014-0026-5,11779,2a,13994,Cu2Se,Cu2Se,450,4.9079e+26,57964,0.000017252,0.00048779,,,0.92442,0.30981,,
3733,10.1007/s40243-014-0026-5,11779,2a,13994,Cu2Se,Cu2Se,500,6.1679e+26,47683,0.000020972,0.00042856,,0.00012372,0.90636,0.4002,0.0007298664,0.0008052721
3733,10.1007/s40243-014-0026-5,11779,2a,13994,Cu2Se,Cu2Se,550,7.428e+26,40499,0.000024692,0.00036932,,0.000137,0.8883,0.49058,0.0007601257,0.0008557084
3733,10.1007/s40243-014-0026-5,11779,2a,13994,Cu2Se,Cu2Se,600,8.6881e+26,35195,0.000028413,0.00031009,,0.00015028,0.87024,0.58097,0.0007948466,0.0009133649
3733,10.1007/s40243-014-0026-5,11779,2a,13994,Cu2Se,Cu2Se,650,9.9482e+26,31121,0.000032133,0.00025085,,0.00016356,0.85218,0.67135,0.0008325451,0.0009769592
3733,10.1007/s40243-014-0026-5,11779,2a,13994,Cu2Se,Cu2Se,700,1.1208e+27,27892,0.000035853,0.00019162,,0.00017684,0.83412,0.76174,0.0008722494,0.0010457121
3733,10.1007/s40243-014-0026-5,11779,2a,13994,Cu2Se,Cu2Se,750,1.2468e+27,25270,0.000039573,0.00013238,,0.00019012,0.81606,0.85212,0.0009133997,0.00111928
3733,10.1007/s40243-014-0026-5,11780,2b,13994,Cu2Se,Cu2Se,800,,23098,0.000043293,,,0.0002034,0.798,0.94251,0.0009556003,0.0011974941
3733,10.1007/s40243-014-0026-5,11781,2c,13994,Cu2Se,Cu2Se,850,,21270,0.000047014,,,,0.77994,1.0329,,
3733,10.1007/s40243-014-0026-5,11779,2a,13995,Cu1.97Ag0.03Se,Cu1.97Ag0.03Se,450,1.4266e+26,36102,0.000027699,0.00043068,,,0.82379,0.41379,,
3733,10.1007/s40243-014-0026-5,11779,2a,13995,Cu1.97Ag0.03Se,Cu1.97Ag0.03Se,500,3.3236e+26,29429,0.00003398,0.00037797,,0.00016271,0.81095,0.48545,0.0007791194,0.0009607489
3733,10.1007/s40243-014-0026-5,11779,2a,13995,Cu1.97Ag0.03Se,Cu1.97Ag0.03Se,550,5.2207e+26,24838,0.000040261,0.00032526,,0.00017933,0.79812,0.55712,0.0007987714,0.0010008162
3733,10.1007/s40243-014-0026-5,11779,2a,13995,Cu1.97Ag0.03Se,Cu1.97Ag0.03Se,600,7.1177e+26,21486,0.000046543,0.00027255,,0.00019497,0.78528,0.62878,0.0008167538,0.0010400797
3733,10.1007/s40243-014-0026-5,11779,2a,13995,Cu1.97Ag0.03Se,Cu1.97Ag0.03Se,650,9.0148e+26,18931,0.000052824,0.00021984,,0.00020955,0.77245,0.70044,0.000831283,0.0010761641
3733,10.1007/s40243-014-0026-5,11779,2a,13995,Cu1.97Ag0.03Se,Cu1.97Ag0.03Se,700,1.0912e+27,16919,0.000059105,0.00016713,,0.00022298,0.75961,0.7721,0.000841214,0.0011074289
3733,10.1007/s40243-014-0026-5,11779,2a,13995,Cu1.97Ag0.03Se,Cu1.97Ag0.03Se,750,1.2809e+27,15294,0.000065386,0.00011442,,0.0002352,0.74678,0.84376,0.0008460494,0.0011329299
3733,10.1007/s40243-014-0026-5,11779,2a,13995,Cu1.97Ag0.03Se,Cu1.97Ag0.03Se,800,1.4706e+27,13953,0.000071668,0.000061709,,0.00024613,0.73394,0.91542,0.0008452724,0.0011516914
3733,10.1007/s40243-014-0026-5,11779,2a,13995,Cu1.97Ag0.03Se,Cu1.97Ag0.03Se,850,1.6603e+27,12829,0.000077949,0.0000089985,,0.00025568,0.72111,0.98708,0.0008386608,0.0011630136
3733,10.1007/s40243-014-0026-5,11779,2a,13996,Cu1.97Ag0.03Se1.009,Cu1.97Ag0.03Se1.009,450,6.2244e+26,95229,0.000010501,0.00051956,,,1.2283,0.25229,,
3733,10.1007/s40243-014-0026-5,11779,2a,13996,Cu1.97Ag0.03Se1.009,Cu1.97Ag0.03Se1.009,500,8.5922e+26,78505,0.000012738,0.00046111,,0.00010369,1.1969,0.33631,0.0008440556,0.0007052015
3733,10.1007/s40243-014-0026-5,11779,2a,13996,Cu1.97Ag0.03Se1.009,Cu1.97Ag0.03Se1.009,550,1.096e+27,66778,0.000014975,0.00040267,,0.00011428,1.1654,0.42033,0.0008721152,0.0007483398
3733,10.1007/s40243-014-0026-5,11779,2a,13996,Cu1.97Ag0.03Se1.009,Cu1.97Ag0.03Se1.009,600,1.3328e+27,58096,0.000017213,0.00034423,,0.00012486,1.134,0.50435,0.0009057178,0.0007986929
3733,10.1007/s40243-014-0026-5,11779,2a,13996,Cu1.97Ag0.03Se1.009,Cu1.97Ag0.03Se1.009,650,1.5696e+27,51414,0.00001945,0.00028579,,0.00013545,1.1026,0.58837,0.0009432774,0.0008555028
3733,10.1007/s40243-014-0026-5,11779,2a,13996,Cu1.97Ag0.03Se1.009,Cu1.97Ag0.03Se1.009,700,1.8064e+27,46111,0.000021687,0.00022735,,0.00014604,1.0712,0.67239,0.0009834407,0.0009180739
3733,10.1007/s40243-014-0026-5,11779,2a,13996,Cu1.97Ag0.03Se1.009,Cu1.97Ag0.03Se1.009,750,2.0432e+27,41797,0.000023925,0.00016891,,0.00015662,1.0398,0.75641,0.0010252731,0.0009860291
3733,10.1007/s40243-014-0026-5,11779,2a,13996,Cu1.97Ag0.03Se1.009,Cu1.97Ag0.03Se1.009,800,2.2799e+27,38223,0.000026162,0.00011047,,0.00016721,1.0084,0.84043,0.0010686839,0.0010597817
3733,10.1007/s40243-014-0026-5,11779,2a,13996,Cu1.97Ag0.03Se1.009,Cu1.97Ag0.03Se1.009,850,2.5167e+27,35213,0.000028399,0.000052026,,0.0001778,0.97703,0.92444,0.0011131829,0.0011393539
27920,10.1016/j.jallcom.2018.04.214,25321,3(b),31550,Cu4Mn2Te4,undefined,300,1.5511e+27,,,,,,,-0.03384,,
27920,10.1016/j.jallcom.2018.04.214,25321,3(b),31550,Cu4Mn2Te4,undefined,350,1.6124e+27,206390,0.0000048451,0.00067221,0.78653,0.000037239,,0.013972,0.0002862099,
27920,10.1016/j.jallcom.2018.04.214,25321,3(b),31550,Cu4Mn2Te4,undefined,400,1.6738e+27,169400,0.0000059032,0.0006187,0.72618,0.000044518,,0.061784,0.0003357258,
27920,10.1016/j.jallcom.2018.04.214,25321,3(b),31550,Cu4Mn2Te4,undefined,450,1.7351e+27,143650,0.0000069612,0.00056519,0.66583,0.000051892,,0.1096,0.0003868178,
27920,10.1016/j.jallcom.2018.04.214,25321,3(b),31550,Cu4Mn2Te4,undefined,500,1.7965e+27,124700,0.0000080193,0.00051169,0.60548,0.000059361,,0.15741,0.0004394089,
27920,10.1016/j.jallcom.2018.04.214,25321,3(b),31550,Cu4Mn2Te4,undefined,550,1.8578e+27,110160,0.0000090773,0.00045818,0.54513,0.000066925,,0.20522,0.0004934018,
27920,10.1016/j.jallcom.2018.04.214,25321,3(b),31550,Cu4Mn2Te4,undefined,600,1.9191e+27,98668,0.000010135,0.00040468,0.48478,0.000074584,,0.25303,0.0005488677,
27920,10.1016/j.jallcom.2018.04.214,25321,3(b),31550,Cu4Mn2Te4,undefined,650,1.9805e+27,89342,0.000011193,0.00035117,0.42443,0.000082337,,0.30085,0.0006056835,
27920,10.1016/j.jallcom.2018.04.214,25321,3(b),31550,Cu4Mn2Te4,undefined,700,2.0418e+27,81626,0.000012251,0.00029766,0.36408,0.000090186,,0.34866,0.0006639063,
27920,10.1016/j.jallcom.2018.04.214,25321,3(b),31550,Cu4Mn2Te4,undefined,750,2.1031e+27,75137,0.000013309,0.00024416,0.30374,0.00009813,,0.39647,0.0007235315,
27920,10.1016/j.jallcom.2018.04.214,25321,3(b),31550,Cu4Mn2Te4,undefined,800,2.1645e+27,69599,0.000014368,0.00019065,0.24339,0.00010617,,0.44428,0.0007845247,
27920,10.1016/j.jallcom.2018.04.214,25330,5(b),31550,Cu4Mn2Te4,undefined,850,,,,,0.18304,,,0.49209,,
27920,10.1016/j.jallcom.2018.04.214,25321,3(b),31551,Cu4.1Mn2Te4,undefined,350,1.4594e+27,184570,0.0000054181,0.00065495,0.73101,0.000035607,,0.014698,0.0002340086,
27920,10.1016/j.jallcom.2018.04.214,25321,3(b),31551,Cu4.1Mn2Te4,undefined,400,1.5923e+27,159350,0.0000062753,0.00059901,0.68121,0.00004236,,0.054187,0.0002859328,
27920,10.1016/j.jallcom.2018.04.214,25321,3(b),31551,Cu4.1Mn2Te4,undefined,450,1.7252e+27,140200,0.0000071326,0.00054308,0.6314,0.000049114,,0.093676,0.0003381883,
27920,10.1016/j.jallcom.2018.04.214,25321,3(b),31551,Cu4.1Mn2Te4,undefined,500,1.8581e+27,125160,0.0000079898,0.00048714,0.58159,0.000055868,,0.13316,0.0003906536,
27920,10.1016/j.jallcom.2018.04.214,25321,3(b),31551,Cu4.1Mn2Te4,undefined,550,1.991e+27,113030,0.0000088471,0.00043121,0.53179,0.000062622,,0.17265,0.0004432488,
27920,10.1016/j.jallcom.2018.04.214,25321,3(b),31551,Cu4.1Mn2Te4,undefined,600,2.124e+27,103050,0.0000097043,0.00037527,0.48198,0.000069375,,0.21214,0.0004959684,
27920,10.1016/j.jallcom.2018.04.214,25321,3(b),31551,Cu4.1Mn2Te4,undefined,650,2.2569e+27,94679,0.000010562,0.00031934,0.43218,0.000076129,,0.25163,0.0005487239,
27920,10.1016/j.jallcom.2018.04.214,25321,3(b),31551,Cu4.1Mn2Te4,undefined,700,2.3898e+27,87573,0.000011419,0.0002634,0.38237,0.000082883,,0.29112,0.0006015908,
27920,10.1016/j.jallcom.2018.04.214,25321,3(b),31551,Cu4.1Mn2Te4,undefined,750,2.5227e+27,81460,0.000012276,0.00020747,0.33256,0.000089636,,0.33061,0.0006544995,
27920,10.1016/j.jallcom.2018.04.214,25324,3(c),31551,Cu4.1Mn2Te4,undefined,800,,76144,0.000013133,0.00015154,0.28276,0.00009639,,0.3701,0.0007074563,
27920,10.1016/j.jallcom.2018.04.214,25330,5(b),31551,Cu4.1Mn2Te4,undefined,300,,,,,0.78082,,,-0.024791,,
27920,10.1016/j.jallcom.2018.04.214,25330,5(b),31551,Cu4.1Mn2Te4,undefined,850,,,,,0.23295,,,0.40959,,
27920,10.1016/j.jallcom.2018.04.214,25321,3(b),31552,Cu4.3Mn2Te4,undefined,350,1.351e+27,182860,0.0000054688,0.0005554,0.6833,0.000034483,,0.006149,0.0002174347,
27920,10.1016/j.jallcom.2018.04.214,25321,3(b),31552,Cu4.3Mn2Te4,undefined,400,1.4618e+27,155250,0.0000064413,0.00051265,0.64305,0.000041969,,0.050175,0.0002734569,
27920,10.1016/j.jallcom.2018.04.214,25321,3(b),31552,Cu4.3Mn2Te4,undefined,450,1.5726e+27,134880,0.0000074138,0.00046989,0.60279,0.000049454,,0.0942,0.0003298758,
27920,10.1016/j.jallcom.2018.04.214,25321,3(b),31552,Cu4.3Mn2Te4,undefined,500,1.6835e+27,119240,0.0000083864,0.00042714,0.56254,0.000056939,,0.13823,0.000386582,
27920,10.1016/j.jallcom.2018.04.214,25321,3(b),31552,Cu4.3Mn2Te4,undefined,550,1.7943e+27,106850,0.0000093589,0.00038438,0.52228,0.000064425,,0.18225,0.0004434895,
27920,10.1016/j.jallcom.2018.04.214,25321,3(b),31552,Cu4.3Mn2Te4,undefined,600,1.9051e+27,96796,0.000010331,0.00034163,0.48203,0.00007191,,0.22628,0.0005005368,
27920,10.1016/j.jallcom.2018.04.214,25321,3(b),31552,Cu4.3Mn2Te4,undefined,650,2.0159e+27,88464,0.000011304,0.00029887,0.44177,0.000079395,,0.2703,0.0005576387,
27920,10.1016/j.jallcom.2018.04.214,25321,3(b),31552,Cu4.3Mn2Te4,undefined,700,2.1267e+27,81453,0.000012277,0.00025611,0.40151,0.000086881,,0.31433,0.0006148323,
27920,10.1016/j.jallcom.2018.04.214,25321,3(b),31552,Cu4.3Mn2Te4,undefined,750,2.2375e+27,75477,0.000013249,0.00021336,0.36126,0.000094366,,0.35835,0.0006721183,
27920,10.1016/j.jallcom.2018.04.214,25321,3(b),31552,Cu4.3Mn2Te4,undefined,800,2.3484e+27,70314,0.000014222,0.0001706,0.321,0.00010185,,0.40238,0.0007293968,
27920,10.1016/j.jallcom.2018.04.214,25330,5(b),31552,Cu4.3Mn2Te4,undefined,300,,,,,0.72356,,,-0.037877,,
27920,10.1016/j.jallcom.2018.04.214,25330,5(b),31552,Cu4.3Mn2Te4,undefined,850,,,,,0.28075,,,,,
27920,10.1016/j.jallcom.2018.04.214,25321,3(b),31553,Cu3.7Zn0.3Mn2Te4,undefined,350,1.1332e+27,141010,0.0000070917,0.00066854,1.1442,0.000048905,,0.024022,0.0003372535,
27920,10.1016/j.jallcom.2018.04.214,25321,3(b),31553,Cu3.7Zn0.3Mn2Te4,undefined,400,1.2146e+27,115620,0.0000086489,0.00060525,1.0615,0.000056676,,0.073788,0.000371391,
27920,10.1016/j.jallcom.2018.04.214,25321,3(b),31553,Cu3.7Zn0.3Mn2Te4,undefined,450,1.2961e+27,97982,0.000010206,0.00054196,0.97875,0.000065042,,0.12355,0.0004145091,
27920,10.1016/j.jallcom.2018.04.214,25321,3(b),31553,Cu3.7Zn0.3Mn2Te4,undefined,500,1.3776e+27,85012,0.000011763,0.00047867,0.89601,0.000073681,,0.17332,0.0004615208,
27920,10.1016/j.jallcom.2018.04.214,25321,3(b),31553,Cu3.7Zn0.3Mn2Te4,undefined,550,1.459e+27,75069,0.000013321,0.00041538,0.81328,0.000082346,,0.22308,0.0005090327,
27920,10.1016/j.jallcom.2018.04.214,25321,3(b),31553,Cu3.7Zn0.3Mn2Te4,undefined,600,1.5405e+27,67213,0.000014878,0.00035209,0.73054,0.000090863,,0.27285,0.0005549162,
27920,10.1016/j.jallcom.2018.04.214,25321,3(b),31553,Cu3.7Zn0.3Mn2Te4,undefined,650,1.622e+27,60846,0.000016435,0.0002888,0.6478,0.000099132,,0.32262,0.000597943,
27920,10.1016/j.jallcom.2018.04.214,25321,3(b),31553,Cu3.7Zn0.3Mn2Te4,undefined,700,1.7034e+27,55580,0.000017992,0.00022551,0.56506,0.00010713,,0.37238,0.0006378826,
27920,10.1016/j.jallcom.2018.04.214,25321,3(b),31553,Cu3.7Zn0.3Mn2Te4,undefined,750,1.7849e+27,51154,0.000019549,0.00016222,0.48232,0.00011489,,0.42215,0.0006752181,
27920,10.1016/j.jallcom.2018.04.214,25321,3(b),31553,Cu3.7Zn0.3Mn2Te4,undefined,800,1.8664e+27,47378,0.000021107,0.000098927,0.39958,0.00012255,,0.47191,0.0007115466,
27920,10.1016/j.jallcom.2018.04.214,25330,5(b),31553,Cu3.7Zn0.3Mn2Te4,undefined,850,,,,,0.31685,,,,,
27920,10.1016/j.jallcom.2018.04.214,25331,6(a),31553,Cu3.7Zn0.3Mn2Te4,undefined,300,,,,,,,,-0.025743,,
27920,10.1016/j.jallcom.2018.04.214,25321,3(b),31554,Cu4Mn1.7Fe0.3Te4,undefined,350,9.7101e+26,167510,0.0000059699,0.00087077,0.80031,0.000036866,,0.0073428,0.0002276632,
27920,10.1016/j.jallcom.2018.04.214,25321,3(b),31554,Cu4Mn1.7Fe0.3Te4,undefined,400,1.0945e+27,138700,0.0000072096,0.00078682,0.74803,0.000044747,,0.053281,0.0002777182,
27920,10.1016/j.jallcom.2018.04.214,25321,3(b),31554,Cu4Mn1.7Fe0.3Te4,undefined,450,1.218e+27,118350,0.0000084492,0.00070287,0.69575,0.000052628,,0.09922,0.0003277948,
27920,10.1016/j.jallcom.2018.04.214,25321,3(b),31554,Cu4Mn1.7Fe0.3Te4,undefined,500,1.3415e+27,103210,0.0000096888,0.00061892,0.64346,0.000060509,,0.14516,0.0003778868,
27920,10.1016/j.jallcom.2018.04.214,25321,3(b),31554,Cu4Mn1.7Fe0.3Te4,undefined,550,1.4651e+27,91508,0.000010928,0.00053497,0.59118,0.00006839,,0.1911,0.0004280005,
27920,10.1016/j.jallcom.2018.04.214,25321,3(b),31554,Cu4Mn1.7Fe0.3Te4,undefined,600,1.5886e+27,82183,0.000012168,0.00045101,0.5389,0.000076271,,0.23704,0.0004780803,
27920,10.1016/j.jallcom.2018.04.214,25321,3(b),31554,Cu4Mn1.7Fe0.3Te4,undefined,650,1.7121e+27,74582,0.000013408,0.00036706,0.48661,0.000084152,,0.28297,0.0005281568,
27920,10.1016/j.jallcom.2018.04.214,25321,3(b),31554,Cu4Mn1.7Fe0.3Te4,undefined,700,1.8356e+27,68273,0.000014647,0.00028311,0.43433,0.000092033,,0.32891,0.0005782773,
27920,10.1016/j.jallcom.2018.04.214,25321,3(b),31554,Cu4Mn1.7Fe0.3Te4,undefined,750,1.9591e+27,62945,0.000015887,0.00019916,0.38205,0.000099914,,0.37485,0.0006283678,
27920,10.1016/j.jallcom.2018.04.214,25321,3(b),31554,Cu4Mn1.7Fe0.3Te4,undefined,800,2.0826e+27,58387,0.000017127,0.00011521,0.32976,0.00010779,,0.42079,0.0006783801,
27920,10.1016/j.jallcom.2018.04.214,25330,5(b),31554,Cu4Mn1.7Fe0.3Te4,undefined,850,,,,,0.27748,,,0.46673,,
27920,10.1016/j.jallcom.2018.04.214,25331,6(a),31554,Cu4Mn1.7Fe0.3Te4,undefined,300,,,,,,,,-0.038596,,
27920,10.1016/j.jallcom.2018.04.214,25326,4(a),31558,Pristine Cu4Mn2Te4,undefined,350,,180080,0.0000055532,,,0.000031352,,0.013201,0.0001770093,
27920,10.1016/j.jallcom.2018.04.214,25326,4(a),31558,Pristine Cu4Mn2Te4,undefined,400,,165860,0.0000060291,,,0.000036448,,0.034898,0.0002203378,
27920,10.1016/j.jallcom.2018.04.214,25326,4(a),31558,Pristine Cu4Mn2Te4,undefined,450,,153730,0.0000065049,,,0.000041544,,0.056595,0.0002653232,
27920,10.1016/j.jallcom.2018.04.214,25326,4(a),31558,Pristine Cu4Mn2Te4,undefined,500,,143250,0.0000069808,,,0.000046639,,0.078292,0.0003115969,
27920,10.1016/j.jallcom.2018.04.214,25326,4(a),31558,Pristine Cu4Mn2Te4,undefined,550,,134110,0.0000074566,,,0.000051735,,0.09999,0.0003589468,
27920,10.1016/j.jallcom.2018.04.214,25326,4(a),31558,Pristine Cu4Mn2Te4,undefined,600,,126060,0.0000079325,,,0.000056831,,0.12169,0.0004071439,
27920,10.1016/j.jallcom.2018.04.214,25326,4(a),31558,Pristine Cu4Mn2Te4,undefined,650,,118930,0.0000084083,,,0.000061926,,0.14338,0.0004560763,
27920,10.1016/j.jallcom.2018.04.214,25326,4(a),31558,Pristine Cu4Mn2Te4,undefined,700,,112560,0.0000088842,,,0.000067022,,0.16508,0.0005056137,
27920,10.1016/j.jallcom.2018.04.214,25326,4(a),31558,Pristine Cu4Mn2Te4,undefined,750,,106840,0.00000936,,,0.000072117,,0.18678,0.0005556601,
27923,10.1021/acs.inorgchem.8b00301,25351,3(b)(i),31585,Cu4Mn2Te4,undefined,350,,250360,0.0000039942,,,0.000023493,,,0.000138179,
27923,10.1021/acs.inorgchem.8b00301,25351,3(b)(i),31585,Cu4Mn2Te4,undefined,400,,239790,0.0000041703,,,0.000027991,,,0.0001878745,
27923,10.1021/acs.inorgchem.8b00301,25351,3(b)(i),31585,Cu4Mn2Te4,undefined,450,,229220,0.0000043626,,,0.000032488,,,0.0002419349,
27923,10.1021/acs.inorgchem.8b00301,25351,3(b)(i),31585,Cu4Mn2Te4,undefined,500,,218640,0.0000045737,,,0.000036986,,,0.0002990917,
27923,10.1021/acs.inorgchem.8b00301,25351,3(b)(i),31585,Cu4Mn2Te4,undefined,550,,208070,0.0000048061,,,0.000041483,,,0.000358055,
27923,10.1021/acs.inorgchem.8b00301,25351,3(b)(i),31585,Cu4Mn2Te4,undefined,600,,197500,0.0000050633,,,0.00004598,,,0.0004175467,
27923,10.1021/acs.inorgchem.8b00301,25351,3(b)(i),31585,Cu4Mn2Te4,undefined,650,,186930,0.0000053496,,,0.000050478,,,0.000476303,
27923,10.1021/acs.inorgchem.8b00301,25351,3(b)(i),31585,Cu4Mn2Te4,undefined,700,,176360,0.0000056702,,,0.000054975,,,0.0005330041,
27923,10.1021/acs.inorgchem.8b00301,25353,4(a),31586,Cu4Mn2+xTe4_ x=0,undefined,350,,250270,0.0000039957,,,0.00002318,2.5639,0.0013885,0.0001344732,0.0000524487
27923,10.1021/acs.inorgchem.8b00301,25353,4(a),31586,Cu4Mn2+xTe4_ x=0,undefined,400,,239710,0.0000041717,,0.4293,0.000027699,2.6021,0.018035,0.0001839138,0.000070679
27923,10.1021/acs.inorgchem.8b00301,25353,4(a),31586,Cu4Mn2+xTe4_ x=0,undefined,450,,229150,0.000004364,,0.38836,0.000032218,2.6402,0.034681,0.0002378576,0.0000900907
27923,10.1021/acs.inorgchem.8b00301,25353,4(a),31586,Cu4Mn2+xTe4_ x=0,undefined,500,,218590,0.0000045748,,0.34742,0.000036738,2.6783,0.051328,0.0002950267,0.0001101545
27923,10.1021/acs.inorgchem.8b00301,25353,4(a),31586,Cu4Mn2+xTe4_ x=0,undefined,550,,208030,0.000004807,,0.30648,0.000041257,2.7165,0.067974,0.0003540962,0.0001303502
27923,10.1021/acs.inorgchem.8b00301,25353,4(a),31586,Cu4Mn2+xTe4_ x=0,undefined,600,,197470,0.0000050641,,0.26554,0.000045776,2.7546,0.084621,0.000413787,0.0001502167
27923,10.1021/acs.inorgchem.8b00301,25353,4(a),31586,Cu4Mn2+xTe4_ x=0,undefined,650,,186910,0.0000053502,,0.2246,0.000050296,2.7927,0.10127,0.0004728239,0.0001693071
27923,10.1021/acs.inorgchem.8b00301,25353,4(a),31586,Cu4Mn2+xTe4_ x=0,undefined,700,,176350,0.0000056705,,0.18366,0.000054815,2.8309,0.11791,0.0005298761,0.0001871758
27923,10.1021/acs.inorgchem.8b00301,25359,5(a),31586,Cu4Mn2+xTe4_ x=0,undefined,300,,,,,,,2.5258,,,
27923,10.1021/acs.inorgchem.8b00301,25364,5(e),31586,Cu4Mn2+xTe4_ x=0,undefined,750,,,,,,,,0.13456,,
27923,10.1021/acs.inorgchem.8b00301,25353,4(a),31587,Cu4Mn2+xTe4_ x=0.1,undefined,350,,167260,0.0000059787,,0.53927,0.000041478,1.8903,0.048869,0.0002877582,0.0001522289
27923,10.1021/acs.inorgchem.8b00301,25353,4(a),31587,Cu4Mn2+xTe4_ x=0.1,undefined,400,,158660,0.0000063028,,0.5036,0.0000474,1.8758,0.082133,0.0003564709,0.0001900368
27923,10.1021/acs.inorgchem.8b00301,25353,4(a),31587,Cu4Mn2+xTe4_ x=0.1,undefined,450,,150060,0.000006664,,0.46792,0.000053321,1.8613,0.1154,0.0004266399,0.0002292161
27923,10.1021/acs.inorgchem.8b00301,25353,4(a),31587,Cu4Mn2+xTe4_ x=0.1,undefined,500,,141460,0.0000070691,,0.43225,0.000059243,1.8468,0.14866,0.0004964868,0.0002688363
27923,10.1021/acs.inorgchem.8b00301,25353,4(a),31587,Cu4Mn2+xTe4_ x=0.1,undefined,550,,132860,0.0000075267,,0.39658,0.000065164,1.8323,0.18192,0.0005641696,0.0003079024
27923,10.1021/acs.inorgchem.8b00301,25353,4(a),31587,Cu4Mn2+xTe4_ x=0.1,undefined,600,,124260,0.0000080476,,0.36091,0.000071086,1.8178,0.21519,0.000627913,0.0003454247
27923,10.1021/acs.inorgchem.8b00301,25353,4(a),31587,Cu4Mn2+xTe4_ x=0.1,undefined,650,,115660,0.000008646,,0.32524,0.000077008,1.8033,0.24845,0.0006858906,0.000380353
27923,10.1021/acs.inorgchem.8b00301,25353,4(a),31587,Cu4Mn2+xTe4_ x=0.1,undefined,700,,107050,0.0000093414,,0.28956,0.000082929,1.7888,0.28171,0.0007362063,0.0004115643
27923,10.1021/acs.inorgchem.8b00301,25359,5(a),31587,Cu4Mn2+xTe4_ x=0.1,undefined,300,,,,,,,1.9048,,,
27923,10.1021/acs.inorgchem.8b00301,25364,5(e),31587,Cu4Mn2+xTe4_ x=0.1,undefined,750,,,,,,,,0.31498,,
27923,10.1021/acs.inorgchem.8b00301,25353,4(a),31588,Cu4Mn2+xTe4_ x=0.2,undefined,400,,118780,0.0000084189,,,0.000066228,,,0.0005209867,
27923,10.1021/acs.inorgchem.8b00301,25353,4(a),31588,Cu4Mn2+xTe4_ x=0.2,undefined,450,,110800,0.0000090253,,,0.000072904,,,0.0005889012,
27923,10.1021/acs.inorgchem.8b00301,25353,4(a),31588,Cu4Mn2+xTe4_ x=0.2,undefined,500,,102830,0.0000097248,,,0.00007958,,,0.00065122,
27923,10.1021/acs.inorgchem.8b00301,25353,4(a),31588,Cu4Mn2+xTe4_ x=0.2,undefined,550,,94858,0.000010542,,,0.000086256,,,0.0007057528,
27923,10.1021/acs.inorgchem.8b00301,25353,4(a),31588,Cu4Mn2+xTe4_ x=0.2,undefined,600,,86885,0.000011509,,,0.000092932,,,0.0007503698,
27923,10.1021/acs.inorgchem.8b00301,25353,4(a),31588,Cu4Mn2+xTe4_ x=0.2,undefined,650,,78912,0.000012672,,,0.000099608,,,0.0007829454,
27923,10.1021/acs.inorgchem.8b00301,25353,4(a),31588,Cu4Mn2+xTe4_ x=0.2,undefined,700,,70939,0.000014097,,,0.00010628,,,0.0008012871,
27923,10.1021/acs.inorgchem.8b00301,25353,4(a),31588,Cu4Mn2+xTe4_ x=0.2,undefined,750,,62965,0.000015882,,,,,,,
27923,10.1021/acs.inorgchem.8b00301,25355,4(b),31590,Cu4−yInyMn2Te4_ y=0,undefined,350,,250060,0.000003999,,,0.000023417,2.5581,0.018761,0.0001371219,0.000053603
27923,10.1021/acs.inorgchem.8b00301,25355,4(b),31590,Cu4−yInyMn2Te4_ y=0,undefined,400,,239620,0.0000041733,,0.42667,0.000027945,2.5971,0.019029,0.0001871248,0.0000720514
27923,10.1021/acs.inorgchem.8b00301,25355,4(b),31590,Cu4−yInyMn2Te4_ y=0,undefined,450,,229190,0.0000043632,,0.38577,0.000032473,2.6361,0.035542,0.0002416799,0.0000916808
27923,10.1021/acs.inorgchem.8b00301,25355,4(b),31590,Cu4−yInyMn2Te4_ y=0,undefined,500,,218750,0.0000045714,,0.34486,0.000037001,2.6751,0.052056,0.0002994849,0.0001119528
27923,10.1021/acs.inorgchem.8b00301,25355,4(b),31590,Cu4−yInyMn2Te4_ y=0,undefined,550,,208310,0.0000048005,,0.30395,0.000041529,2.7141,0.068569,0.0003592635,0.0001323693
27923,10.1021/acs.inorgchem.8b00301,25355,4(b),31590,Cu4−yInyMn2Te4_ y=0,undefined,600,,197870,0.0000050538,,0.26304,0.000046057,2.7531,0.085083,0.0004197312,0.0001524577
27923,10.1021/acs.inorgchem.8b00301,25355,4(b),31590,Cu4−yInyMn2Te4_ y=0,undefined,650,,187430,0.0000053353,,0.22213,0.000050585,2.7921,0.1016,0.0004796038,0.0001717717
27923,10.1021/acs.inorgchem.8b00301,25355,4(b),31590,Cu4−yInyMn2Te4_ y=0,undefined,700,,177000,0.0000056497,,0.18123,0.000055114,2.8312,0.11811,0.0005376469,0.0001899007
27923,10.1021/acs.inorgchem.8b00301,25360,5(b),31590,Cu4−yInyMn2Te4_ y=0,undefined,300,,,,,,,2.5191,,,
27923,10.1021/acs.inorgchem.8b00301,25363,5(d),31590,Cu4−yInyMn2Te4_ y=0,undefined,750,,,,,0.14032,,,,,
27923,10.1021/acs.inorgchem.8b00301,25355,4(b),31591,Cu4−yInyMn2Te4_ y=0.1,undefined,350,,127300,0.0000078555,,,0.000051629,1.9879,0.059743,0.000339325,0.0001706952
27923,10.1021/acs.inorgchem.8b00301,25355,4(b),31591,Cu4−yInyMn2Te4_ y=0.1,undefined,400,,120240,0.0000083167,,,0.000058179,1.9551,0.083267,0.0004069879,0.0002081673
27923,10.1021/acs.inorgchem.8b00301,25355,4(b),31591,Cu4−yInyMn2Te4_ y=0.1,undefined,450,,113170,0.0000088363,,0.88854,0.000064729,1.9223,0.11713,0.0004741646,0.0002466652
27923,10.1021/acs.inorgchem.8b00301,25355,4(b),31591,Cu4−yInyMn2Te4_ y=0.1,undefined,500,,106100,0.0000094251,,0.85878,0.000071279,1.8895,0.14875,0.0005390618,0.0002852934
27923,10.1021/acs.inorgchem.8b00301,25355,4(b),31591,Cu4−yInyMn2Te4_ y=0.1,undefined,550,,99034,0.000010098,,0.82903,0.000077828,1.8567,0.18036,0.0005998685,0.0003230832
27923,10.1021/acs.inorgchem.8b00301,25355,4(b),31591,Cu4−yInyMn2Te4_ y=0.1,undefined,600,,91966,0.000010874,,0.79928,0.000084378,1.8239,0.21198,0.0006547654,0.000358992
27923,10.1021/acs.inorgchem.8b00301,25355,4(b),31591,Cu4−yInyMn2Te4_ y=0.1,undefined,650,,84899,0.000011779,,0.76952,0.000090928,1.791,0.24359,0.0007019365,0.0003919244
27923,10.1021/acs.inorgchem.8b00301,25360,5(b),31591,Cu4−yInyMn2Te4_ y=0.1,undefined,700,,,,,,,1.7582,,,
27923,10.1021/acs.inorgchem.8b00301,25355,4(b),31592,Cu4−yInyMn2Te4_ y=0.2,undefined,350,,98349,0.000010168,,,0.000073485,1.3485,0.13784,0.000531089,0.0003938369
27923,10.1021/acs.inorgchem.8b00301,25355,4(b),31592,Cu4−yInyMn2Te4_ y=0.2,undefined,400,,91281,0.000010955,,,0.000080707,1.3032,0.1825,0.0005945697,0.0004562383
27923,10.1021/acs.inorgchem.8b00301,25355,4(b),31592,Cu4−yInyMn2Te4_ y=0.2,undefined,450,,84213,0.000011875,,0.41603,0.000087928,1.2579,0.28934,0.0006510788,0.0005175918
27923,10.1021/acs.inorgchem.8b00301,25355,4(b),31592,Cu4−yInyMn2Te4_ y=0.2,undefined,500,,77145,0.000012963,,0.42089,0.00009515,1.2126,0.32719,0.000698434,0.0005759805
27923,10.1021/acs.inorgchem.8b00301,25355,4(b),31592,Cu4−yInyMn2Te4_ y=0.2,undefined,550,,70077,0.00001427,,0.42576,0.00010237,1.1673,0.36504,0.0007343801,0.0006291271
27923,10.1021/acs.inorgchem.8b00301,25355,4(b),31592,Cu4−yInyMn2Te4_ y=0.2,undefined,600,,63009,0.000015871,,0.43062,0.00010959,1.122,0.40289,0.0007567361,0.0006744528
27923,10.1021/acs.inorgchem.8b00301,25355,4(b),31592,Cu4−yInyMn2Te4_ y=0.2,undefined,650,,55941,0.000017876,,0.43548,0.00011682,1.0767,0.44074,0.0007634219,0.0007090387
27923,10.1021/acs.inorgchem.8b00301,25355,4(b),31592,Cu4−yInyMn2Te4_ y=0.2,undefined,700,,48873,0.000020461,,0.44035,0.00012404,1.0314,0.47859,0.0007519561,0.0007290636
27923,10.1021/acs.inorgchem.8b00301,25355,4(b),31592,Cu4−yInyMn2Te4_ y=0.2,undefined,750,,41805,0.000023921,,0.44521,0.00013126,,,0.0007202662,
27923,10.1021/acs.inorgchem.8b00301,25370,7(a)(0-200),31599,Cu4−nInnMn2+mTe4_ m=0.2_ n=0.1,undefined,350,,15824,0.000063195,,,0.00019556,1.0928,0.19382,0.0006051685,0.0005537779
27923,10.1021/acs.inorgchem.8b00301,25370,7(a)(0-200),31599,Cu4−nInnMn2+mTe4_ m=0.2_ n=0.1,undefined,400,,14575,0.000068611,,,0.0002051,1.0389,0.23606,0.0006131121,0.0005901551
27923,10.1021/acs.inorgchem.8b00301,25370,7(a)(0-200),31599,Cu4−nInnMn2+mTe4_ m=0.2_ n=0.1,undefined,450,,13327,0.000075036,,,0.00021464,0.98506,0.31729,0.0006139793,0.0006232913
27923,10.1021/acs.inorgchem.8b00301,25370,7(a)(0-200),31599,Cu4−nInnMn2+mTe4_ m=0.2_ n=0.1,undefined,500,,12079,0.000082788,,,0.00022418,0.93119,0.35438,0.0006070503,0.0006519081
27923,10.1021/acs.inorgchem.8b00301,25370,7(a)(0-200),31599,Cu4−nInnMn2+mTe4_ m=0.2_ n=0.1,undefined,550,,10831,0.000092328,,,0.00023372,0.87732,0.39146,0.0005916438,0.0006743763
27923,10.1021/acs.inorgchem.8b00301,25370,7(a)(0-200),31599,Cu4−nInnMn2+mTe4_ m=0.2_ n=0.1,undefined,600,,9582.5,0.00010436,,,0.00024326,0.82346,0.42855,0.0005670485,0.000688617
27923,10.1021/acs.inorgchem.8b00301,25370,7(a)(0-200),31599,Cu4−nInnMn2+mTe4_ m=0.2_ n=0.1,undefined,650,,8334.2,0.00011999,,,0.0002528,0.76959,0.46564,0.0005326207,0.0006920837
27923,10.1021/acs.inorgchem.8b00301,25370,7(a)(0-200),31599,Cu4−nInnMn2+mTe4_ m=0.2_ n=0.1,undefined,700,,7086,0.00014112,,,0.00026234,0.71572,0.50272,0.0004876746,0.0006813763
27923,10.1021/acs.inorgchem.8b00301,25370,7(a)(0-200),31599,Cu4−nInnMn2+mTe4_ m=0.2_ n=0.1,undefined,750,,5837.8,0.0001713,,,0.00027188,0.66186,0.53981,0.0004315228,0.000651985
27923,10.1021/acs.inorgchem.8b00301,25378,7(d),31599,Cu4−nInnMn2+mTe4_ m=0.2_ n=0.1,undefined,300,,,,,,,1.1467,,,
27923,10.1021/acs.inorgchem.8b00301,25370,7(a)(0-200),31600,Cu4−nInnMn2+mTe4_ m=0.2_ n=0.2,undefined,350,,11570,0.00008643,,,0.00017393,1.2042,0.10173,0.0003500115,0.000290659
27923,10.1021/acs.inorgchem.8b00301,25370,7(a)(0-200),31600,Cu4−nInnMn2+mTe4_ m=0.2_ n=0.2,undefined,400,,10740,0.00009311,,,0.00018184,1.1299,0.12572,0.0003551265,0.0003142991
27923,10.1021/acs.inorgchem.8b00301,25370,7(a)(0-200),31600,Cu4−nInnMn2+mTe4_ m=0.2_ n=0.2,undefined,450,,9908.9,0.00010092,,,0.00018976,1.0557,0.15817,0.0003568082,0.0003379825
27923,10.1021/acs.inorgchem.8b00301,25370,7(a)(0-200),31600,Cu4−nInnMn2+mTe4_ m=0.2_ n=0.2,undefined,500,,9078.1,0.00011016,,,0.00019768,0.98149,0.19881,0.0003547484,0.0003614386
27923,10.1021/acs.inorgchem.8b00301,25370,7(a)(0-200),31600,Cu4−nInnMn2+mTe4_ m=0.2_ n=0.2,undefined,550,,8247.3,0.00012125,,,0.0002056,0.90726,0.23946,0.0003486246,0.0003842609
27923,10.1021/acs.inorgchem.8b00301,25370,7(a)(0-200),31600,Cu4−nInnMn2+mTe4_ m=0.2_ n=0.2,undefined,600,,7416.5,0.00013483,,,0.00021351,0.83303,0.28011,0.0003380924,0.0004058586
27923,10.1021/acs.inorgchem.8b00301,25370,7(a)(0-200),31600,Cu4−nInnMn2+mTe4_ m=0.2_ n=0.2,undefined,650,,6585.8,0.00015184,,,0.00022143,0.7588,0.27661,0.00032291,0.0004255535
27923,10.1021/acs.inorgchem.8b00301,25378,7(d),31600,Cu4−nInnMn2+mTe4_ m=0.2_ n=0.2,undefined,300,,,,,,,1.2784,,,
27923,10.1021/acs.inorgchem.8b00301,25378,7(d),31600,Cu4−nInnMn2+mTe4_ m=0.2_ n=0.2,undefined,700,,,,,,,0.68458,,,
27923,10.1021/acs.inorgchem.8b00301,25378,7(d),31600,Cu4−nInnMn2+mTe4_ m=0.2_ n=0.2,undefined,750,,,,,,,0.61035,,,
27923,10.1021/acs.inorgchem.8b00301,25370,7(a)(0-200),31601,Cu4−nInnMn2+mTe4_ m=0.1_ n=0.2,undefined,350,,11931,0.000083815,,,0.00020606,1.1518,0.15394,0.0005065989,0.0004398323
27923,10.1021/acs.inorgchem.8b00301,25370,7(a)(0-200),31601,Cu4−nInnMn2+mTe4_ m=0.1_ n=0.2,undefined,400,,10927,0.000091516,,,0.00021567,1.0598,0.19183,0.0005082535,0.000479575
27923,10.1021/acs.inorgchem.8b00301,25370,7(a)(0-200),31601,Cu4−nInnMn2+mTe4_ m=0.1_ n=0.2,undefined,450,,9921.8,0.00010079,,,0.00022529,0.96776,0.24306,0.0005035868,0.0005203633
27923,10.1021/acs.inorgchem.8b00301,25370,7(a)(0-200),31601,Cu4−nInnMn2+mTe4_ m=0.1_ n=0.2,undefined,500,,8917,0.00011215,,,0.00023491,0.87571,0.29041,0.0004920642,0.0005619032
27923,10.1021/acs.inorgchem.8b00301,25370,7(a)(0-200),31601,Cu4−nInnMn2+mTe4_ m=0.1_ n=0.2,undefined,550,,7912.3,0.00012639,,,0.00024453,0.78367,0.33776,0.0004731154,0.0006037176
27923,10.1021/acs.inorgchem.8b00301,25370,7(a)(0-200),31601,Cu4−nInnMn2+mTe4_ m=0.1_ n=0.2,undefined,600,,6907.5,0.00014477,,,0.00025414,0.69163,0.3851,0.0004461357,0.0006450496
27923,10.1021/acs.inorgchem.8b00301,25370,7(a)(0-200),31601,Cu4−nInnMn2+mTe4_ m=0.1_ n=0.2,undefined,650,,5902.7,0.00016941,,,0.00026376,0.59959,0.44517,0.0004106469,0.0006848795
27923,10.1021/acs.inorgchem.8b00301,25378,7(d),31601,Cu4−nInnMn2+mTe4_ m=0.1_ n=0.2,undefined,700,,,,,,,0.50755,,,
27923,10.1021/acs.inorgchem.8b00301,25378,7(d),31601,Cu4−nInnMn2+mTe4_ m=0.1_ n=0.2,undefined,750,,,,,,,0.4155,,,
27923,10.1021/acs.inorgchem.8b00301,25372,7(a)(500-2500),31602,Cu4Mn2.1Te4,undefined,350,,167650,0.0000059648,,,0.000041878,1.8964,0.054264,0.000294019,0.0001550406
27923,10.1021/acs.inorgchem.8b00301,25372,7(a)(500-2500),31602,Cu4Mn2.1Te4,undefined,400,,158940,0.0000062917,,,0.00004782,1.8819,0.085185,0.0003634564,0.0001931327
27923,10.1021/acs.inorgchem.8b00301,25372,7(a)(500-2500),31602,Cu4Mn2.1Te4,undefined,450,,150230,0.0000066565,,,0.000053763,1.8674,0.11842,0.0004342338,0.0002325339
27923,10.1021/acs.inorgchem.8b00301,25372,7(a)(500-2500),31602,Cu4Mn2.1Te4,undefined,500,,141520,0.0000070661,,,0.000059706,1.8529,0.15165,0.0005044914,0.0002722713
27923,10.1021/acs.inorgchem.8b00301,25372,7(a)(500-2500),31602,Cu4Mn2.1Te4,undefined,550,,132810,0.0000075296,,,0.000065648,1.8384,0.18488,0.0005723659,0.0003113392
27923,10.1021/acs.inorgchem.8b00301,25372,7(a)(500-2500),31602,Cu4Mn2.1Te4,undefined,600,,124090,0.0000080587,,,0.000071591,1.8238,0.21811,0.0006359949,0.0003487197
27923,10.1021/acs.inorgchem.8b00301,25372,7(a)(500-2500),31602,Cu4Mn2.1Te4,undefined,650,,115380,0.000008667,,,0.000077534,1.8093,0.25134,0.0006936093,0.0003833578
27923,10.1021/acs.inorgchem.8b00301,25372,7(a)(500-2500),31602,Cu4Mn2.1Te4,undefined,700,,106670,0.0000093747,,,0.000083476,1.7948,0.28457,0.0007433024,0.0004141422
27923,10.1021/acs.inorgchem.8b00301,25378,7(d),31602,Cu4Mn2.1Te4,undefined,300,,,,,,,1.911,,,
27923,10.1021/acs.inorgchem.8b00301,25378,7(d),31602,Cu4Mn2.1Te4,undefined,750,,,,,,,1.7803,,,
27923,10.1021/acs.inorgchem.8b00301,25372,7(a)(500-2500),31603,Cu4−nInnMn2+mTe4_ m=0.1_ n=0.1,undefined,350,,104940,0.0000095293,,,0.000070505,1.8214,0.10024,0.000521652,0.0002864017
27923,10.1021/acs.inorgchem.8b00301,25372,7(a)(500-2500),31603,Cu4−nInnMn2+mTe4_ m=0.1_ n=0.1,undefined,400,,97998,0.000010204,,,0.000075836,1.7808,0.12659,0.0005635962,0.0003164848
27923,10.1021/acs.inorgchem.8b00301,25372,7(a)(500-2500),31603,Cu4−nInnMn2+mTe4_ m=0.1_ n=0.1,undefined,450,,91060,0.000010982,,,0.000081168,1.7401,0.17278,0.0005999255,0.000344765
27923,10.1021/acs.inorgchem.8b00301,25372,7(a)(500-2500),31603,Cu4−nInnMn2+mTe4_ m=0.1_ n=0.1,undefined,500,,84122,0.000011887,,,0.0000865,1.6995,0.19897,0.0006294218,0.0003703571
27923,10.1021/acs.inorgchem.8b00301,25372,7(a)(500-2500),31603,Cu4−nInnMn2+mTe4_ m=0.1_ n=0.1,undefined,550,,77184,0.000012956,,,0.000091831,1.6588,0.22516,0.0006508875,0.0003923845
27923,10.1021/acs.inorgchem.8b00301,25372,7(a)(500-2500),31603,Cu4−nInnMn2+mTe4_ m=0.1_ n=0.1,undefined,600,,70246,0.000014236,,,0.000097163,1.6182,0.25135,0.0006631678,0.0004098182
27923,10.1021/acs.inorgchem.8b00301,25372,7(a)(500-2500),31603,Cu4−nInnMn2+mTe4_ m=0.1_ n=0.1,undefined,650,,63308,0.000015796,,,0.00010249,1.5775,0.27753,0.0006649999,0.000421553
27923,10.1021/acs.inorgchem.8b00301,25372,7(a)(500-2500),31603,Cu4−nInnMn2+mTe4_ m=0.1_ n=0.1,undefined,700,,56370,0.00001774,,,0.00010783,1.5368,0.30372,0.0006554314,0.000426491
27923,10.1021/acs.inorgchem.8b00301,25372,7(a)(500-2500),31603,Cu4−nInnMn2+mTe4_ m=0.1_ n=0.1,undefined,750,,49432,0.00002023,,,0.00011316,1.4962,0.3173,0.0006329859,0.0004230624
27934,10.1039/c7dt03223d,25459,2(a),31704,Cu4+xMn2Te4−δ−yCly_ x=0_ δ=0_ y=0,undefined,350,,173460,0.000005765,,1.1802,0.000030796,2.6655,0.013589,0.0001645084,0.0000617176
27934,10.1039/c7dt03223d,25459,2(a),31704,Cu4+xMn2Te4−δ−yCly_ x=0_ δ=0_ y=0,undefined,400,,165160,0.0000060547,,1.0957,0.000035998,2.6085,0.034652,0.0002140236,0.0000820485
27934,10.1039/c7dt03223d,25459,2(a),31704,Cu4+xMn2Te4−δ−yCly_ x=0_ δ=0_ y=0,undefined,450,,156870,0.0000063747,,1.0112,0.000041201,2.5515,0.055716,0.0002662903,0.0001043662
27934,10.1039/c7dt03223d,25459,2(a),31704,Cu4+xMn2Te4−δ−yCly_ x=0_ δ=0_ y=0,undefined,500,,148570,0.0000067308,,0.92666,0.000046403,2.4945,0.07678,0.0003199066,0.0001282448
27934,10.1039/c7dt03223d,25459,2(a),31704,Cu4+xMn2Te4−δ−yCly_ x=0_ δ=0_ y=0,undefined,550,,140280,0.0000071286,,0.84216,0.000051605,2.4375,0.097843,0.0003735763,0.0001532621
27934,10.1039/c7dt03223d,25459,2(a),31704,Cu4+xMn2Te4−δ−yCly_ x=0_ δ=0_ y=0,undefined,600,,131980,0.0000075769,,0.75766,0.000056807,2.3805,0.11891,0.0004259041,0.0001789137
27934,10.1039/c7dt03223d,25459,2(a),31704,Cu4+xMn2Te4−δ−yCly_ x=0_ δ=0_ y=0,undefined,650,,123680,0.0000080854,,0.67316,0.00006201,2.3235,0.13997,0.0004755793,0.0002046823
27934,10.1039/c7dt03223d,25459,2(a),31704,Cu4+xMn2Te4−δ−yCly_ x=0_ δ=0_ y=0,undefined,700,,115390,0.0000086663,,0.58865,0.000067212,2.2664,0.16103,0.0005212689,0.0002299986
27934,10.1039/c7dt03223d,25459,2(a),31704,Cu4+xMn2Te4−δ−yCly_ x=0_ δ=0_ y=0,undefined,750,,107090,0.0000093379,,0.50415,0.000072414,2.2094,0.1821,0.0005615572,0.0002541673
27934,10.1039/c7dt03223d,25462,2(d),31704,Cu4+xMn2Te4−δ−yCly_ x=0_ δ=0_ y=0,undefined,300,,,,,1.2647,,2.7225,-0.0074747,,
27934,10.1039/c7dt03223d,25459,2(a),31705,Cu4+xMn2Te4−δ−yCly_ x=0.01_ δ=0_ y=0,undefined,300,,164430,0.0000060816,,,0.00003064,,0.0035456,0.0001543685,
27934,10.1039/c7dt03223d,25459,2(a),31705,Cu4+xMn2Te4−δ−yCly_ x=0.01_ δ=0_ y=0,undefined,350,,156740,0.00000638,,0.87929,0.000035799,2.2173,0.025678,0.000200873,0.0000905935
27934,10.1039/c7dt03223d,25459,2(a),31705,Cu4+xMn2Te4−δ−yCly_ x=0.01_ δ=0_ y=0,undefined,400,,149050,0.0000067092,,0.83383,0.000040959,2.1879,0.04781,0.0002500522,0.0001142887
27934,10.1039/c7dt03223d,25459,2(a),31705,Cu4+xMn2Te4−δ−yCly_ x=0.01_ δ=0_ y=0,undefined,450,,141350,0.0000070746,,0.78838,0.000046118,2.1584,0.069942,0.0003006331,0.0001392851
27934,10.1039/c7dt03223d,25459,2(a),31705,Cu4+xMn2Te4−δ−yCly_ x=0.01_ δ=0_ y=0,undefined,500,,133660,0.0000074817,,0.74292,0.000051278,2.129,0.092074,0.0003514501,0.0001650775
27934,10.1039/c7dt03223d,25459,2(a),31705,Cu4+xMn2Te4−δ−yCly_ x=0.01_ δ=0_ y=0,undefined,550,,125970,0.0000079384,,0.69746,0.000056437,2.0996,0.11421,0.0004012315,0.000191099
27934,10.1039/c7dt03223d,25459,2(a),31705,Cu4+xMn2Te4−δ−yCly_ x=0.01_ δ=0_ y=0,undefined,600,,118280,0.0000084545,,0.652,0.000061596,2.0702,0.13634,0.0004487623,0.0002167724
27934,10.1039/c7dt03223d,25459,2(a),31705,Cu4+xMn2Te4−δ−yCly_ x=0.01_ δ=0_ y=0,undefined,650,,110580,0.0000090432,,0.60654,0.000066756,2.0408,0.15847,0.0004927847,0.0002414664
27934,10.1039/c7dt03223d,25459,2(a),31705,Cu4+xMn2Te4−δ−yCly_ x=0.01_ δ=0_ y=0,undefined,700,,102890,0.0000097191,,0.56108,0.000071915,2.0113,0.1806,0.0005321231,0.0002645668
27934,10.1039/c7dt03223d,25459,2(a),31705,Cu4+xMn2Te4−δ−yCly_ x=0.01_ δ=0_ y=0,undefined,750,,95200,0.000010504,,0.51562,0.000077075,1.9819,0.20273,0.0005655409,0.0002853529
27934,10.1039/c7dt03223d,25459,2(a),31706,Cu4+xMn2Te4−δ−yCly_ x=0.02_ δ=0_ y=0,undefined,300,,158910,0.0000062929,,0.89822,0.00003285,2.1778,0.0045246,0.0001714834,0.0000787416
27934,10.1039/c7dt03223d,25459,2(a),31706,Cu4+xMn2Te4−δ−yCly_ x=0.02_ δ=0_ y=0,undefined,350,,151280,0.0000066103,,0.84493,0.000038723,2.1359,0.030154,0.0002268399,0.0001062034
27934,10.1039/c7dt03223d,25459,2(a),31706,Cu4+xMn2Te4−δ−yCly_ x=0.02_ δ=0_ y=0,undefined,400,,143640,0.0000069618,,0.79164,0.00004442,2.094,0.055784,0.0002834213,0.0001353492
27934,10.1039/c7dt03223d,25459,2(a),31706,Cu4+xMn2Te4−δ−yCly_ x=0.02_ δ=0_ y=0,undefined,450,,136010,0.0000073524,,0.73835,0.000049941,2.0521,0.081413,0.000339223,0.0001653053
27934,10.1039/c7dt03223d,25459,2(a),31706,Cu4+xMn2Te4−δ−yCly_ x=0.02_ δ=0_ y=0,undefined,500,,128380,0.0000077894,,0.68506,0.000055285,2.0101,0.10704,0.0003923846,0.0001952065
27934,10.1039/c7dt03223d,25459,2(a),31706,Cu4+xMn2Te4−δ−yCly_ x=0.02_ δ=0_ y=0,undefined,550,,120750,0.0000082816,,0.63177,0.000060452,1.9682,0.13267,0.0004412741,0.0002242019
27934,10.1039/c7dt03223d,25459,2(a),31706,Cu4+xMn2Te4−δ−yCly_ x=0.02_ δ=0_ y=0,undefined,600,,113110,0.000008841,,0.57848,0.000065443,1.9263,0.1583,0.000484426,0.00025148
27934,10.1039/c7dt03223d,25459,2(a),31706,Cu4+xMn2Te4−δ−yCly_ x=0.02_ δ=0_ y=0,undefined,650,,105480,0.0000094805,,0.52519,0.000070257,1.8843,0.18393,0.0005206541,0.0002763117
27934,10.1039/c7dt03223d,25459,2(a),31706,Cu4+xMn2Te4−δ−yCly_ x=0.02_ δ=0_ y=0,undefined,700,,97846,0.00001022,,0.4719,0.000074895,1.8424,0.20956,0.0005488438,0.0002978961
27934,10.1039/c7dt03223d,25459,2(a),31706,Cu4+xMn2Te4−δ−yCly_ x=0.02_ δ=0_ y=0,undefined,750,,90214,0.000011085,,0.4186,0.000079357,1.8005,0.23519,0.0005681257,0.0003155377
27934,10.1039/c7dt03223d,25459,2(a),31707,Cu4+xMn2Te4−δ−yCly_ x=0_ δ=0.02_ y=0,undefined,300,,154560,0.00000647,,,,,,,
27934,10.1039/c7dt03223d,25459,2(a),31707,Cu4+xMn2Te4−δ−yCly_ x=0_ δ=0.02_ y=0,undefined,350,,146440,0.0000068287,,0.84101,0.000040928,2.0501,0.043401,0.0002453018,0.0001196536
27934,10.1039/c7dt03223d,25459,2(a),31707,Cu4+xMn2Te4−δ−yCly_ x=0_ δ=0.02_ y=0,undefined,400,,138330,0.0000072291,,0.80865,0.000047935,2.0236,0.067954,0.0003178497,0.0001570714
27934,10.1039/c7dt03223d,25459,2(a),31707,Cu4+xMn2Te4−δ−yCly_ x=0_ δ=0.02_ y=0,undefined,450,,130220,0.0000076793,,0.77629,0.000054477,1.9972,0.092507,0.0003864596,0.0001935007
27934,10.1039/c7dt03223d,25459,2(a),31707,Cu4+xMn2Te4−δ−yCly_ x=0_ δ=0.02_ y=0,undefined,500,,122110,0.0000081893,,0.74392,0.000060555,1.9708,0.11706,0.0004477661,0.0002272002
27934,10.1039/c7dt03223d,25459,2(a),31707,Cu4+xMn2Te4−δ−yCly_ x=0_ δ=0.02_ y=0,undefined,550,,113990,0.0000087727,,0.71156,0.000066168,1.9444,0.14161,0.0004990715,0.0002566712
27934,10.1039/c7dt03223d,25459,2(a),31707,Cu4+xMn2Te4−δ−yCly_ x=0_ δ=0.02_ y=0,undefined,600,,105880,0.0000094447,,0.6792,0.000071316,1.918,0.16617,0.0005385027,0.0002807626
27934,10.1039/c7dt03223d,25459,2(a),31707,Cu4+xMn2Te4−δ−yCly_ x=0_ δ=0.02_ y=0,undefined,650,,97770,0.000010228,,0.64684,0.000076,1.8916,0.19072,0.0005647195,0.0002985407
27934,10.1039/c7dt03223d,25459,2(a),31707,Cu4+xMn2Te4−δ−yCly_ x=0_ δ=0.02_ y=0,undefined,700,,89658,0.000011153,,0.61447,0.000080218,1.8651,0.21527,0.0005769427,0.0003093361
27934,10.1039/c7dt03223d,25459,2(a),31707,Cu4+xMn2Te4−δ−yCly_ x=0_ δ=0.02_ y=0,undefined,750,,81545,0.000012263,,0.58211,0.000083972,1.8387,0.23982,0.000574998,0.0003127199
27934,10.1039/c7dt03223d,25459,2(a),31708,Cu4+xMn2Te4−δ−yCly_ x=0_ δ=0.04_ y=0,undefined,350,,141350,0.0000070746,,0.82085,0.000042237,1.9869,0.053517,0.0002521633,0.0001269129
27934,10.1039/c7dt03223d,25459,2(a),31708,Cu4+xMn2Te4−δ−yCly_ x=0_ δ=0.04_ y=0,undefined,400,,133130,0.0000075115,,0.77881,0.000049538,1.9443,0.084493,0.0003267028,0.0001680311
27934,10.1039/c7dt03223d,25459,2(a),31708,Cu4+xMn2Te4−δ−yCly_ x=0_ δ=0.04_ y=0,undefined,450,,124910,0.0000080058,,0.73676,0.000056391,1.9016,0.11547,0.0003972069,0.0002088804
27934,10.1039/c7dt03223d,25459,2(a),31708,Cu4+xMn2Te4−δ−yCly_ x=0_ δ=0.04_ y=0,undefined,500,,116690,0.0000085697,,0.69471,0.000062796,1.8589,0.14645,0.0004601481,0.0002475378
27934,10.1039/c7dt03223d,25459,2(a),31708,Cu4+xMn2Te4−δ−yCly_ x=0_ δ=0.04_ y=0,undefined,550,,108470,0.0000092191,,0.65267,0.000068753,1.8162,0.17742,0.000512735,0.000282312
27934,10.1039/c7dt03223d,25459,2(a),31708,Cu4+xMn2Te4−δ−yCly_ x=0_ δ=0.04_ y=0,undefined,600,,100250,0.0000099751,,0.61062,0.000074262,1.7735,0.2084,0.0005528632,0.0003117357
27934,10.1039/c7dt03223d,25459,2(a),31708,Cu4+xMn2Te4−δ−yCly_ x=0_ δ=0.04_ y=0,undefined,650,,92024,0.000010867,,0.56857,0.000079324,1.7309,0.23937,0.0005790423,0.0003345325
27934,10.1039/c7dt03223d,25459,2(a),31708,Cu4+xMn2Te4−δ−yCly_ x=0_ δ=0.04_ y=0,undefined,700,,83803,0.000011933,,0.52653,0.000083937,1.6882,0.27035,0.0005904273,0.0003497378
27934,10.1039/c7dt03223d,25459,2(a),31708,Cu4+xMn2Te4−δ−yCly_ x=0_ δ=0.04_ y=0,undefined,750,,75582,0.000013231,,0.48448,0.000088103,1.6455,0.30133,0.000586678,0.0003565348
27934,10.1039/c7dt03223d,25462,2(d),31708,Cu4+xMn2Te4−δ−yCly_ x=0_ δ=0.04_ y=0,undefined,300,,,,,0.8629,,2.0296,0.022541,,
27934,10.1039/c7dt03223d,25459,2(a),31709,Cu4+xMn2Te4−δ−yCly_ x=0_ δ=0.04_ y=0.02,undefined,350,,136670,0.0000073169,,0.55856,0.00004621,1.6721,0.058916,0.0002918402,0.0001745351
27934,10.1039/c7dt03223d,25459,2(a),31709,Cu4+xMn2Te4−δ−yCly_ x=0_ δ=0.04_ y=0.02,undefined,400,,129090,0.0000077465,,0.51037,0.000051863,1.6255,0.094393,0.0003472225,0.0002136097
27934,10.1039/c7dt03223d,25459,2(a),31709,Cu4+xMn2Te4−δ−yCly_ x=0_ δ=0.04_ y=0.02,undefined,450,,121500,0.0000082305,,0.46217,0.000057516,1.5789,0.12987,0.000401933,0.0002545652
27934,10.1039/c7dt03223d,25459,2(a),31709,Cu4+xMn2Te4−δ−yCly_ x=0_ δ=0.04_ y=0.02,undefined,500,,113920,0.0000087781,,0.41397,0.000063169,1.5323,0.16535,0.0004545775,0.0002966635
27934,10.1039/c7dt03223d,25459,2(a),31709,Cu4+xMn2Te4−δ−yCly_ x=0_ δ=0.04_ y=0.02,undefined,550,,106340,0.0000094038,,0.36577,0.000068821,1.4857,0.20082,0.0005036613,0.0003390061
27934,10.1039/c7dt03223d,25459,2(a),31709,Cu4+xMn2Te4−δ−yCly_ x=0_ δ=0.04_ y=0.02,undefined,600,,98757,0.000010126,,0.31757,0.000074474,1.4391,0.2363,0.0005477435,0.0003806153
27934,10.1039/c7dt03223d,25459,2(a),31709,Cu4+xMn2Te4−δ−yCly_ x=0_ δ=0.04_ y=0.02,undefined,650,,91174,0.000010968,,0.26937,0.000080127,1.3925,0.27178,0.0005853677,0.0004203718
27934,10.1039/c7dt03223d,25459,2(a),31709,Cu4+xMn2Te4−δ−yCly_ x=0_ δ=0.04_ y=0.02,undefined,700,,83591,0.000011963,,0.22117,0.00008578,1.3459,0.30726,0.00061508,0.0004570027
27934,10.1039/c7dt03223d,25459,2(a),31709,Cu4+xMn2Te4−δ−yCly_ x=0_ δ=0.04_ y=0.02,undefined,750,,76009,0.000013156,,0.17298,0.000091433,1.2993,0.34273,0.0006354347,0.0004890593
27934,10.1039/c7dt03223d,25462,2(d),31709,Cu4+xMn2Te4−δ−yCly_ x=0_ δ=0.04_ y=0.02,undefined,300,,,,,0.60676,,1.7187,0.023439,,
27934,10.1039/c7dt03223d,25459,2(a),31710,Cu4+xMn2Te4−δ−yCly_ x=0_ δ=0.04_ y=0.03,undefined,300,,140320,0.0000071266,,0.583,0.000044346,1.66,0.034217,0.0002759488,0.0001662342
27934,10.1039/c7dt03223d,25459,2(a),31710,Cu4+xMn2Te4−δ−yCly_ x=0_ δ=0.04_ y=0.03,undefined,350,,132860,0.0000075267,,0.54775,0.000049781,1.6265,0.070692,0.0003292467,0.0002024265
27934,10.1039/c7dt03223d,25459,2(a),31710,Cu4+xMn2Te4−δ−yCly_ x=0_ δ=0.04_ y=0.03,undefined,400,,125400,0.0000079745,,0.51251,0.000055216,1.593,0.10717,0.0003823204,0.0002400002
27934,10.1039/c7dt03223d,25459,2(a),31710,Cu4+xMn2Te4−δ−yCly_ x=0_ δ=0.04_ y=0.03,undefined,450,,117940,0.0000084789,,0.47726,0.000060651,1.5595,0.14364,0.0004338475,0.0002781965
27934,10.1039/c7dt03223d,25459,2(a),31710,Cu4+xMn2Te4−δ−yCly_ x=0_ δ=0.04_ y=0.03,undefined,500,,110490,0.0000090506,,0.44202,0.000066085,1.526,0.18012,0.0004825349,0.000316209
27934,10.1039/c7dt03223d,25459,2(a),31710,Cu4+xMn2Te4−δ−yCly_ x=0_ δ=0.04_ y=0.03,undefined,550,,103030,0.0000097059,,0.40677,0.00007152,1.4926,0.21659,0.0005270098,0.0003530818
27934,10.1039/c7dt03223d,25459,2(a),31710,Cu4+xMn2Te4−δ−yCly_ x=0_ δ=0.04_ y=0.03,undefined,600,,95570,0.000010464,,0.37153,0.000076955,1.4591,0.25307,0.0005659724,0.0003878915
27934,10.1039/c7dt03223d,25459,2(a),31710,Cu4+xMn2Te4−δ−yCly_ x=0_ δ=0.04_ y=0.03,undefined,650,,88111,0.000011349,,0.33628,0.00008239,1.4256,0.28954,0.0005981073,0.0004195478
27934,10.1039/c7dt03223d,25459,2(a),31710,Cu4+xMn2Te4−δ−yCly_ x=0_ δ=0.04_ y=0.03,undefined,700,,80653,0.000012399,,0.30104,0.000087825,1.3921,0.32602,0.0006220952,0.0004468754
27934,10.1039/c7dt03223d,25459,2(a),31710,Cu4+xMn2Te4−δ−yCly_ x=0_ δ=0.04_ y=0.03,undefined,750,,73195,0.000013662,,0.26579,0.00009326,1.3586,0.36249,0.0006366082,0.0004685766
27934,10.1039/c7dt03223d,25459,2(a),31711,Cu4+xMn2Te4−δ−yCly_ x=0_ δ=0.04_ y=0.04,undefined,350,,126060,0.0000079327,,0.61065,0.00005091,1.6359,0.06826,0.0003267259,0.0001997224
27934,10.1039/c7dt03223d,25459,2(a),31711,Cu4+xMn2Te4−δ−yCly_ x=0_ δ=0.04_ y=0.04,undefined,400,,118790,0.0000084182,,0.56561,0.000056493,1.5896,0.10136,0.0003791134,0.0002384961
27934,10.1039/c7dt03223d,25459,2(a),31711,Cu4+xMn2Te4−δ−yCly_ x=0_ δ=0.04_ y=0.04,undefined,450,,111510,0.0000089678,,0.52057,0.000062076,1.5432,0.13446,0.000429696,0.0002784448
27934,10.1039/c7dt03223d,25459,2(a),31711,Cu4+xMn2Te4−δ−yCly_ x=0_ δ=0.04_ y=0.04,undefined,500,,104240,0.0000095932,,0.47553,0.000067659,1.4969,0.16756,0.0004771836,0.0003187812
27934,10.1039/c7dt03223d,25459,2(a),31711,Cu4+xMn2Te4−δ−yCly_ x=0_ δ=0.04_ y=0.04,undefined,550,,96963,0.000010313,,0.43049,0.000073242,1.4505,0.20066,0.0005201474,0.0003585987
27934,10.1039/c7dt03223d,25459,2(a),31711,Cu4+xMn2Te4−δ−yCly_ x=0_ δ=0.04_ y=0.04,undefined,600,,89688,0.00001115,,0.38545,0.000078825,1.4042,0.23376,0.0005572657,0.0003968563
27934,10.1039/c7dt03223d,25459,2(a),31711,Cu4+xMn2Te4−δ−yCly_ x=0_ δ=0.04_ y=0.04,undefined,650,,82414,0.000012134,,0.34041,0.000084409,1.3578,0.26686,0.0005871898,0.0004324568
27934,10.1039/c7dt03223d,25459,2(a),31711,Cu4+xMn2Te4−δ−yCly_ x=0_ δ=0.04_ y=0.04,undefined,700,,75140,0.000013308,,0.29537,0.000089992,1.3114,0.29996,0.0006085258,0.0004640276
27934,10.1039/c7dt03223d,25459,2(a),31711,Cu4+xMn2Te4−δ−yCly_ x=0_ δ=0.04_ y=0.04,undefined,750,,67865,0.000014735,,0.25033,0.000095575,1.2651,0.33306,0.0006199183,0.0004900153
27934,10.1039/c7dt03223d,25459,2(a),31711,Cu4+xMn2Te4−δ−yCly_ x=0_ δ=0.04_ y=0.04,undefined,800,,60591,0.000016504,,,0.00010116,,0.36616,0.0006200486,
27934,10.1039/c7dt03223d,25462,2(d),31711,Cu4+xMn2Te4−δ−yCly_ x=0_ δ=0.04_ y=0.04,undefined,300,,,,,0.65569,,1.6823,,,