sid,DOI,figureid,fignum,sampleid,samplename,composition,Temperature,Carrier concentration,Electrical conductivity,Power factor,Seebeck coefficient,Thermal conductivity,ZT,concentrations,Electrical resistivity,Figure of merit Z
4775,10.1103/physrevb.83.195209,89,2(b),435,Pb0.995Ga0.005Se1,Pb0.995Ga0.005Se1,300,,287050,0.00089781,-0.000055926,3.4528,0.078007,,0.0000034837,0.0002600237
4775,10.1103/physrevb.83.195209,89,2(b),435,Pb0.995Ga0.005Se1,Pb0.995Ga0.005Se1,350,,223960,0.0010428,-0.000068235,3.0335,0.12032,,0.0000044651,0.0003437613
4775,10.1103/physrevb.83.195209,89,2(b),435,Pb0.995Ga0.005Se1,Pb0.995Ga0.005Se1,400,,174760,0.0012069,-0.000083103,2.6735,0.18057,,0.0000057221,0.0004514307
4775,10.1103/physrevb.83.195209,89,2(b),435,Pb0.995Ga0.005Se1,Pb0.995Ga0.005Se1,450,,136770,0.0013579,-0.00009964,2.3639,0.25849,,0.0000073115,0.0005744321
4775,10.1103/physrevb.83.195209,89,2(b),435,Pb0.995Ga0.005Se1,Pb0.995Ga0.005Se1,500,,107650,0.0014736,-0.000117,2.0982,0.35116,,0.0000092894,0.0007023163
4775,10.1103/physrevb.83.195209,89,2(b),435,Pb0.995Ga0.005Se1,Pb0.995Ga0.005Se1,550,,85445,0.0015439,-0.00013442,1.872,0.4536,,0.0000117034,0.0008247329
4775,10.1103/physrevb.83.195209,89,2(b),435,Pb0.995Ga0.005Se1,Pb0.995Ga0.005Se1,600,,68494,0.0015669,-0.00015125,1.6819,0.55897,,0.0000145998,0.0009316249
4775,10.1103/physrevb.83.195209,89,2(b),435,Pb0.995Ga0.005Se1,Pb0.995Ga0.005Se1,650,,55471,0.0015474,-0.00016702,1.5254,0.65937,,0.0000180274,0.0010144224
4775,10.1103/physrevb.83.195209,89,2(b),435,Pb0.995Ga0.005Se1,Pb0.995Ga0.005Se1,700,,45338,0.001493,-0.00018147,1.4002,0.74639,,0.0000220566,0.0010662762
4775,10.1103/physrevb.83.195209,89,2(b),435,Pb0.995Ga0.005Se1,Pb0.995Ga0.005Se1,750,,37334,0.0014134,-0.00019457,1.3029,0.81361,,0.0000267852,0.0010848108
4775,10.1103/physrevb.83.195209,89,2(b),435,Pb0.995Ga0.005Se1,Pb0.995Ga0.005Se1,800,,30951,0.001321,-0.00020659,1.2292,0.85975,,0.0000323091,0.0010746827
4775,10.1103/physrevb.83.195209,89,2(b),435,Pb0.995Ga0.005Se1,Pb0.995Ga0.005Se1,850,,25921,0.0012332,-0.00021812,1.1727,0.89385,,0.0000385788,0.0010515903
4775,10.1103/physrevb.83.195209,89,2(b),322,Pb0.985Ga0.015Se1,Pb0.985Ga0.015Se1,350,,196690,0.00039748,-0.000044954,4.1172,0.033789,,0.0000050841,0.0000965413
4775,10.1103/physrevb.83.195209,89,2(b),322,Pb0.985Ga0.015Se1,Pb0.985Ga0.015Se1,400,,165300,0.00047785,-0.000053766,3.7313,0.051226,,0.0000060496,0.0001280653
4775,10.1103/physrevb.83.195209,89,2(b),322,Pb0.985Ga0.015Se1,Pb0.985Ga0.015Se1,450,,139800,0.00054536,-0.000062458,3.3677,0.072872,,0.0000071531,0.0001619384
4775,10.1103/physrevb.83.195209,89,2(b),322,Pb0.985Ga0.015Se1,Pb0.985Ga0.015Se1,500,,118840,0.00061164,-0.000071741,3.0316,0.10088,,0.0000084147,0.0002017548
4775,10.1103/physrevb.83.195209,89,2(b),322,Pb0.985Ga0.015Se1,Pb0.985Ga0.015Se1,550,,101150,0.00068335,-0.000082194,2.7257,0.13789,,0.0000098863,0.0002507062
4775,10.1103/physrevb.83.195209,89,2(b),322,Pb0.985Ga0.015Se1,Pb0.985Ga0.015Se1,600,,85671,0.00076013,-0.000094195,2.4508,0.18609,,0.0000116726,0.0003101559
4775,10.1103/physrevb.83.195209,89,2(b),322,Pb0.985Ga0.015Se1,Pb0.985Ga0.015Se1,650,,71611,0.00083295,-0.00010785,2.2068,0.24534,,0.0000139643,0.000377447
4775,10.1103/physrevb.83.195209,89,2(b),322,Pb0.985Ga0.015Se1,Pb0.985Ga0.015Se1,700,,58539,0.00088477,-0.00012294,1.9934,0.31069,,0.0000170826,0.0004438497
4775,10.1103/physrevb.83.195209,89,2(b),322,Pb0.985Ga0.015Se1,Pb0.985Ga0.015Se1,750,,46456,0.00089551,-0.00013884,1.8107,0.37092,,0.0000215257,0.0004945656
4775,10.1103/physrevb.83.195209,89,2(b),322,Pb0.985Ga0.015Se1,Pb0.985Ga0.015Se1,800,,35883,0.0008562,-0.00015447,1.6598,0.41268,,0.0000278683,0.0005158453
4775,10.1103/physrevb.83.195209,89,2(b),322,Pb0.985Ga0.015Se1,Pb0.985Ga0.015Se1,850,,27935,0.00079022,-0.00016819,1.544,0.43503,,0.0000357974,0.0005118005
4775,10.1103/physrevb.83.195209,89,2(b),322,Pb0.985Ga0.015Se1,Pb0.985Ga0.015Se1,900,,24404,0.00077139,-0.00017779,1.4692,0.47254,,0.0000409769,0.0005250408
4775,10.1103/physrevb.83.195209,89,2(b),302,Pb0.997Ga0.003Se1,Pb0.997Ga0.003Se1,300,,231870,0.0021457,-0.000096198,2.9655,0.21707,,0.0000043128,0.0007235542
4775,10.1103/physrevb.83.195209,89,2(b),302,Pb0.997Ga0.003Se1,Pb0.997Ga0.003Se1,350,,171510,0.002317,-0.00011623,2.5814,0.31415,,0.0000058306,0.000897575
4775,10.1103/physrevb.83.195209,89,2(b),302,Pb0.997Ga0.003Se1,Pb0.997Ga0.003Se1,400,,131610,0.0024608,-0.00013674,2.2634,0.43489,,0.0000075982,0.0010872139
4775,10.1103/physrevb.83.195209,89,2(b),302,Pb0.997Ga0.003Se1,Pb0.997Ga0.003Se1,450,,102640,0.002408,-0.00015317,1.9967,0.5427,,0.0000097428,0.0012059899
4775,10.1103/physrevb.83.195209,89,2(b),302,Pb0.997Ga0.003Se1,Pb0.997Ga0.003Se1,500,,80159,0.0022492,-0.00016751,1.7752,0.63351,,0.0000124752,0.0012670122
4775,10.1103/physrevb.83.195209,89,2(b),302,Pb0.997Ga0.003Se1,Pb0.997Ga0.003Se1,550,,62757,0.0021139,-0.00018353,1.5956,0.72866,,0.0000159345,0.0013248308
4775,10.1103/physrevb.83.195209,89,2(b),302,Pb0.997Ga0.003Se1,Pb0.997Ga0.003Se1,600,,49998,0.0020373,-0.00020186,1.4508,0.84256,,0.0000200008,0.0014042597
4775,10.1103/physrevb.83.195209,89,2(b),302,Pb0.997Ga0.003Se1,Pb0.997Ga0.003Se1,650,,40372,0.00187,-0.00021522,1.3244,0.91777,,0.0000247696,0.0014119601
4775,10.1103/physrevb.83.195209,89,2(b),297,Pb1.005Se1,Pb1.005Se1,350,,183280,0.0018719,-0.00010106,2.9805,0.21982,,0.0000054561,0.000628049
4775,10.1103/physrevb.83.195209,89,2(b),297,Pb1.005Se1,Pb1.005Se1,400,,136630,0.001762,-0.00011356,2.6592,0.26504,,0.000007319,0.0006626053
4775,10.1103/physrevb.83.195209,89,2(b),297,Pb1.005Se1,Pb1.005Se1,450,,103260,0.0016049,-0.00012467,2.4046,0.30034,,0.0000096843,0.0006674291
4775,10.1103/physrevb.83.195209,89,2(b),297,Pb1.005Se1,Pb1.005Se1,500,,81005,0.0014752,-0.00013495,2.2064,0.3343,,0.0000123449,0.0006686004
4775,10.1103/physrevb.83.195209,89,2(b),297,Pb1.005Se1,Pb1.005Se1,550,,67283,0.0014076,-0.00014464,2.0551,0.37671,,0.0000148626,0.0006849302
4775,10.1103/physrevb.83.195209,89,2(b),297,Pb1.005Se1,Pb1.005Se1,600,,59328,0.0014037,-0.00015382,1.9416,0.43378,,0.0000168554,0.0007229604
4775,10.1103/physrevb.83.195209,89,2(b),297,Pb1.005Se1,Pb1.005Se1,650,,54498,0.001437,-0.00016238,1.8571,0.50296,,0.0000183493,0.0007737871
4775,10.1103/physrevb.83.195209,89,2(b),297,Pb1.005Se1,Pb1.005Se1,700,,50557,0.0014649,-0.00017022,1.7927,0.572,,0.0000197797,0.0008171473
4775,10.1103/physrevb.83.195209,89,2(b),297,Pb1.005Se1,Pb1.005Se1,750,,45953,0.0014434,-0.00017723,1.7388,0.62258,,0.0000217614,0.0008301127
4775,10.1103/physrevb.83.195209,89,2(b),297,Pb1.005Se1,Pb1.005Se1,800,,40107,0.0013495,-0.00018343,1.6852,0.64064,,0.0000249333,0.0008007952
4775,10.1103/physrevb.83.195209,89,2(b),297,Pb1.005Se1,Pb1.005Se1,850,,33693,0.0012038,-0.00018902,1.6202,0.63155,,0.0000296798,0.0007429947
4775,10.1103/physrevb.83.195209,89,2(b),297,Pb1.005Se1,Pb1.005Se1,900,,28922,0.0010941,-0.0001945,1.5307,0.64329,,0.0000345758,0.000714771
4775,10.1103/physrevb.83.195209,89,2(b),453,Pb0.98Ga0.02Se1,Pb0.98Ga0.02Se1,300,,379250,0.00038455,-0.000031843,,,,0.0000026368,
4775,10.1103/physrevb.83.195209,89,2(b),453,Pb0.98Ga0.02Se1,Pb0.98Ga0.02Se1,350,,306650,0.00047974,-0.000039553,,,,0.000003261,
4775,10.1103/physrevb.83.195209,89,2(b),453,Pb0.98Ga0.02Se1,Pb0.98Ga0.02Se1,400,,255200,0.00058221,-0.000047764,,,,0.0000039185,
4775,10.1103/physrevb.83.195209,89,2(b),453,Pb0.98Ga0.02Se1,Pb0.98Ga0.02Se1,450,,214880,0.00065757,-0.000055319,,,,0.0000046538,
4775,10.1103/physrevb.83.195209,89,2(b),453,Pb0.98Ga0.02Se1,Pb0.98Ga0.02Se1,500,,181110,0.00071577,-0.000062866,,,,0.0000055215,
4775,10.1103/physrevb.83.195209,89,2(b),453,Pb0.98Ga0.02Se1,Pb0.98Ga0.02Se1,550,,152610,0.0007826,-0.000071611,,,,0.0000065527,
4775,10.1103/physrevb.83.195209,89,2(b),453,Pb0.98Ga0.02Se1,Pb0.98Ga0.02Se1,600,,129350,0.00087147,-0.000082081,,,,0.000007731,
4775,10.1103/physrevb.83.195209,89,2(b),453,Pb0.98Ga0.02Se1,Pb0.98Ga0.02Se1,650,,110380,0.00095203,-0.000092871,,,,0.0000090596,
4775,10.1103/physrevb.83.195209,89,2(b),160,Pb0.993Ga0.007Se1,Pb0.993Ga0.007Se1,350,,277730,0.00051603,-0.000043105,3.1696,0.056982,,0.0000036006,0.000162806
4775,10.1103/physrevb.83.195209,89,2(b),160,Pb0.993Ga0.007Se1,Pb0.993Ga0.007Se1,400,,223690,0.00062749,-0.000052964,2.8083,0.089376,,0.0000044705,0.0002234412
4775,10.1103/physrevb.83.195209,89,2(b),160,Pb0.993Ga0.007Se1,Pb0.993Ga0.007Se1,450,,181970,0.00076476,-0.000064828,2.4968,0.13783,,0.0000054954,0.0003062961
4775,10.1103/physrevb.83.195209,89,2(b),160,Pb0.993Ga0.007Se1,Pb0.993Ga0.007Se1,500,,149940,0.00090801,-0.000077819,2.2305,0.20354,,0.0000066693,0.0004070881
4775,10.1103/physrevb.83.195209,89,2(b),160,Pb0.993Ga0.007Se1,Pb0.993Ga0.007Se1,550,,125290,0.001042,-0.000091195,2.0052,0.28581,,0.0000079815,0.0005196489
4775,10.1103/physrevb.83.195209,89,2(b),160,Pb0.993Ga0.007Se1,Pb0.993Ga0.007Se1,600,,106050,0.001155,-0.00010436,1.8171,0.38138,,0.0000094295,0.0006356282
4775,10.1103/physrevb.83.195209,89,2(b),160,Pb0.993Ga0.007Se1,Pb0.993Ga0.007Se1,650,,90658,0.001238,-0.00011686,1.6627,0.48397,,0.0000110305,0.0007445721
4775,10.1103/physrevb.83.195209,89,2(b),160,Pb0.993Ga0.007Se1,Pb0.993Ga0.007Se1,700,,77910,0.0012847,-0.00012841,1.5386,0.58449,,0.0000128353,0.0008349799
4775,10.1103/physrevb.83.195209,89,2(b),160,Pb0.993Ga0.007Se1,Pb0.993Ga0.007Se1,750,,67033,0.0012933,-0.0001389,1.4414,0.67294,,0.000014918,0.0008972527
4775,10.1103/physrevb.83.195209,89,2(b),160,Pb0.993Ga0.007Se1,Pb0.993Ga0.007Se1,800,,57685,0.0012699,-0.00014837,1.3676,0.74285,,0.0000173355,0.000928561
4775,10.1103/physrevb.83.195209,89,2(b),160,Pb0.993Ga0.007Se1,Pb0.993Ga0.007Se1,850,,49978,0.0012328,-0.00015706,1.3138,0.79759,,0.0000200088,0.0009383468
4775,10.1103/physrevb.83.195209,89,2(b),160,Pb0.993Ga0.007Se1,Pb0.993Ga0.007Se1,900,,44500,0.0012172,-0.00016539,1.2759,0.85859,,0.0000224719,0.0009539933
4775,10.1103/physrevb.83.195209,89,2(b),253,Pb1.02Se1,Pb1.02Se1,350,,389420,0.00088738,-0.000047736,4.5949,0.067593,,0.0000025679,0.0001931228
4775,10.1103/physrevb.83.195209,89,2(b),253,Pb1.02Se1,Pb1.02Se1,400,,316140,0.0010398,-0.000057349,4.0467,0.10278,,0.0000031632,0.0002569501
4775,10.1103/physrevb.83.195209,89,2(b),253,Pb1.02Se1,Pb1.02Se1,450,,259770,0.001187,-0.000067597,3.5596,0.15006,,0.0000038496,0.0003334644
4775,10.1103/physrevb.83.195209,89,2(b),253,Pb1.02Se1,Pb1.02Se1,500,,214650,0.0013185,-0.000078374,3.1353,0.21027,,0.0000046587,0.0004205339
4775,10.1103/physrevb.83.195209,89,2(b),253,Pb1.02Se1,Pb1.02Se1,550,,177440,0.0014202,-0.000089465,2.7697,0.28202,,0.0000056357,0.0005127631
4775,10.1103/physrevb.83.195209,89,2(b),253,Pb1.02Se1,Pb1.02Se1,600,,147070,0.0014798,-0.00010031,2.459,0.36107,,0.0000067995,0.0006017893
4775,10.1103/physrevb.83.195209,89,2(b),253,Pb1.02Se1,Pb1.02Se1,650,,124660,0.0015026,-0.00010979,2.2079,0.44236,,0.0000080218,0.0006805562
4775,10.1103/physrevb.83.195209,28,6(b),253,Pb1.02Se1,Pb1.02Se1,300,,,,,5.1887,,,,
4775,10.1103/physrevb.83.195209,4895,1(a),6203,Ga_1.3*10^19,undefined,350,,144010,0.0022434,-0.00011693,,,,0.000006944,
4775,10.1103/physrevb.83.195209,4895,1(a),6203,Ga_1.3*10^19,undefined,400,,123900,0.002153,-0.00013314,,,,0.000008071,
4775,10.1103/physrevb.83.195209,4895,1(a),6203,Ga_1.3*10^19,undefined,450,,103790,0.0020626,-0.00014935,,,,0.0000096348,
4775,10.1103/physrevb.83.195209,4895,1(a),6203,Ga_1.3*10^19,undefined,500,,83685,0.0019722,-0.00016557,,,,0.0000119496,
4775,10.1103/physrevb.83.195209,4895,1(a),6203,Ga_1.3*10^19,undefined,550,,63577,0.0018818,-0.00018178,,,,0.000015729,
4775,10.1103/physrevb.83.195209,4895,1(a),6203,Ga_1.3*10^19,undefined,600,,43469,0.0017914,-0.00019799,,,,0.0000230049,
4775,10.1103/physrevb.83.195209,4895,1(a),6203,Ga_1.3*10^19,undefined,650,,23361,0.001701,-0.0002142,,,,0.0000428064,
4775,10.1103/physrevb.83.195209,4897,2(a),6203,Ga_1.3*10^19,undefined,300,,,,-0.00010072,,,,,
4775,10.1103/physrevb.83.195209,4895,1(a),6204,Ga_2.7*10^19,undefined,350,,238450,0.0019995,-0.000084231,2.7977,0.22076,,0.0000041938,0.0007146942
4775,10.1103/physrevb.83.195209,4895,1(a),6204,Ga_2.7*10^19,undefined,400,,216440,0.001965,-0.000097502,2.6328,0.29319,,0.0000046202,0.0007463537
4775,10.1103/physrevb.83.195209,4895,1(a),6204,Ga_2.7*10^19,undefined,450,,194420,0.0019304,-0.00011077,2.4679,0.36563,,0.0000051435,0.0007822035
4775,10.1103/physrevb.83.195209,4895,1(a),6204,Ga_2.7*10^19,undefined,500,,172410,0.0018958,-0.00012404,2.3029,0.43806,,0.0000058001,0.0008232229
4775,10.1103/physrevb.83.195209,4895,1(a),6204,Ga_2.7*10^19,undefined,550,,150390,0.0018613,-0.00013731,2.138,0.51049,,0.0000066494,0.00087058
4775,10.1103/physrevb.83.195209,4895,1(a),6204,Ga_2.7*10^19,undefined,600,,128380,0.0018267,-0.00015059,1.9731,0.58292,,0.0000077894,0.000925802
4775,10.1103/physrevb.83.195209,4895,1(a),6204,Ga_2.7*10^19,undefined,650,,106360,0.0017921,-0.00016386,1.8082,0.65535,,0.000009402,0.0009910961
4775,10.1103/physrevb.83.195209,4895,1(a),6204,Ga_2.7*10^19,undefined,700,,84344,0.0017576,-0.00017713,1.6433,0.72778,,0.0000118562,0.0010695552
4775,10.1103/physrevb.83.195209,4895,1(a),6204,Ga_2.7*10^19,undefined,750,,62328,0.001723,-0.0001904,1.4784,0.80022,,0.0000160442,0.0011654491
4775,10.1103/physrevb.83.195209,4895,1(a),6204,Ga_2.7*10^19,undefined,800,,40312,0.0016884,-0.00020367,1.3135,0.87265,,0.0000248065,0.0012854206
4775,10.1103/physrevb.83.195209,4895,1(a),6204,Ga_2.7*10^19,undefined,850,,18296,0.0016539,-0.00021694,1.1486,0.94508,,0.0000546568,0.0014399269
4775,10.1103/physrevb.83.195209,4895,1(a),6204,Ga_2.7*10^19,undefined,900,,-3719.8,0.0016193,-0.00023021,0.98367,1.0175,,-0.0002688317,0.0016461822
4775,10.1103/physrevb.83.195209,4895,1(a),6205,Ga_4.5*10^19,undefined,300,,155650,0.0010938,,,,,0.0000064247,
4775,10.1103/physrevb.83.195209,4895,1(a),6205,Ga_4.5*10^19,undefined,350,,141890,0.0010942,-0.000076617,3.2535,0.1061,,0.0000070477,0.0003363147
4775,10.1103/physrevb.83.195209,4895,1(a),6205,Ga_4.5*10^19,undefined,400,,128120,0.0010947,-0.000089282,3.0616,0.16197,,0.0000078052,0.0003575581
4775,10.1103/physrevb.83.195209,4895,1(a),6205,Ga_4.5*10^19,undefined,450,,114360,0.0010951,-0.00010195,2.8697,0.21785,,0.0000087443,0.0003816078
4775,10.1103/physrevb.83.195209,4895,1(a),6205,Ga_4.5*10^19,undefined,500,,100590,0.0010956,-0.00011461,2.6778,0.27372,,0.0000099413,0.0004091418
4775,10.1103/physrevb.83.195209,4895,1(a),6205,Ga_4.5*10^19,undefined,550,,86824,0.001096,-0.00012728,2.4859,0.3296,,0.0000115176,0.0004408866
4775,10.1103/physrevb.83.195209,4895,1(a),6205,Ga_4.5*10^19,undefined,600,,73058,0.0010964,-0.00013994,2.294,0.38547,,0.0000136878,0.0004779425
4775,10.1103/physrevb.83.195209,4895,1(a),6205,Ga_4.5*10^19,undefined,650,,59292,0.0010969,-0.0001526,2.1021,0.44135,,0.0000168657,0.0005218115
4775,10.1103/physrevb.83.195209,4895,1(a),6205,Ga_4.5*10^19,undefined,700,,45526,0.0010973,-0.00016527,1.9102,0.49722,,0.0000219655,0.0005744425
4775,10.1103/physrevb.83.195209,4895,1(a),6205,Ga_4.5*10^19,undefined,750,,31760,0.0010978,-0.00017793,1.7183,0.5531,,0.0000314861,0.0006388873
4775,10.1103/physrevb.83.195209,4895,1(a),6205,Ga_4.5*10^19,undefined,800,,17994,0.0010982,-0.0001906,1.5264,0.60897,,0.0000555741,0.0007194706
4775,10.1103/physrevb.83.195209,4895,1(a),6205,Ga_4.5*10^19,undefined,850,,4228.6,0.0010986,-0.00020326,1.3345,0.66485,,0.0002364849,0.0008232297
4775,10.1103/physrevb.83.195209,4895,1(a),6205,Ga_4.5*10^19,undefined,900,,-9537.4,0.0010991,-0.00021593,1.1426,0.86574,,-0.0001048504,0.0009619289
4775,10.1103/physrevb.83.195209,4895,1(a),6206,Ga_7.2*10^19,undefined,350,,182920,0.00054969,-0.00003936,3.9753,0.015874,,0.0000054669,0.0001382764
4775,10.1103/physrevb.83.195209,4895,1(a),6206,Ga_7.2*10^19,undefined,400,,165570,0.00058693,-0.000051809,3.718,0.05594,,0.0000060397,0.0001578618
4775,10.1103/physrevb.83.195209,4895,1(a),6206,Ga_7.2*10^19,undefined,450,,148230,0.00062417,-0.000064257,3.4607,0.096006,,0.0000067463,0.0001803595
4775,10.1103/physrevb.83.195209,4895,1(a),6206,Ga_7.2*10^19,undefined,500,,130890,0.00066142,-0.000076706,3.2033,0.13607,,0.00000764,0.0002064808
4775,10.1103/physrevb.83.195209,4895,1(a),6206,Ga_7.2*10^19,undefined,550,,113550,0.00069866,-0.000089154,2.946,0.17614,,0.0000088067,0.0002371555
4775,10.1103/physrevb.83.195209,4895,1(a),6206,Ga_7.2*10^19,undefined,600,,96202,0.0007359,-0.0001016,2.6887,0.21621,,0.0000103948,0.000273701
4775,10.1103/physrevb.83.195209,4895,1(a),6206,Ga_7.2*10^19,undefined,650,,78860,0.00077314,-0.00011405,2.4314,0.25627,,0.0000126807,0.0003179814
4775,10.1103/physrevb.83.195209,4895,1(a),6206,Ga_7.2*10^19,undefined,700,,61517,0.00081038,-0.0001265,2.1741,0.29634,,0.0000162557,0.0003727427
4775,10.1103/physrevb.83.195209,4895,1(a),6206,Ga_7.2*10^19,undefined,750,,44175,0.00084763,-0.00013895,1.9168,0.3364,,0.0000226372,0.000442211
4775,10.1103/physrevb.83.195209,4895,1(a),6206,Ga_7.2*10^19,undefined,800,,26832,0.00088487,-0.0001514,1.6594,0.37647,,0.0000372689,0.000533247
4775,10.1103/physrevb.83.195209,4895,1(a),6206,Ga_7.2*10^19,undefined,850,,9489.3,0.00092211,-0.00016385,1.4021,0.41654,,0.0001053819,0.0006576635
4775,10.1103/physrevb.83.195209,4897,2(a),6206,Ga_7.2*10^19,undefined,900,,,0.00095935,-0.00017629,1.1448,0.75421,,,0.0008380066
4775,10.1103/physrevb.83.195209,4895,1(a),6207,Ga_1.3:10^20,undefined,300,,336230,,,,,,0.0000029742,
4775,10.1103/physrevb.83.195209,4895,1(a),6207,Ga_1.3:10^20,undefined,350,,300850,0.00057358,-0.000036852,,,,0.0000033239,
4775,10.1103/physrevb.83.195209,4895,1(a),6207,Ga_1.3:10^20,undefined,400,,265470,0.00064696,-0.00004575,,,,0.0000037669,
4775,10.1103/physrevb.83.195209,4895,1(a),6207,Ga_1.3:10^20,undefined,450,,230090,0.00072033,-0.000054648,,,,0.0000043461,
4775,10.1103/physrevb.83.195209,4895,1(a),6207,Ga_1.3:10^20,undefined,500,,194710,0.00079371,-0.000063545,,,,0.0000051358,
4775,10.1103/physrevb.83.195209,4895,1(a),6207,Ga_1.3:10^20,undefined,550,,159330,0.00086708,-0.000072443,,,,0.0000062763,
4775,10.1103/physrevb.83.195209,4895,1(a),6207,Ga_1.3:10^20,undefined,600,,123950,0.00094046,-0.000081341,,,,0.0000080678,
4775,10.1103/physrevb.83.195209,4895,1(a),6207,Ga_1.3:10^20,undefined,650,,88568,0.0010138,-0.000090239,,,,0.0000112908,
4775,10.1103/physrevb.83.195209,4896,1(b),6208,In_9.3*10^18,undefined,350,,106020,0.0022332,,,,,0.0000094322,
4775,10.1103/physrevb.83.195209,4896,1(b),6208,In_9.3*10^18,undefined,400,,89418,0.0020929,,,,,0.0000111834,
4775,10.1103/physrevb.83.195209,4896,1(b),6208,In_9.3*10^18,undefined,450,,72821,0.0019525,,,,,0.0000137323,
4775,10.1103/physrevb.83.195209,4896,1(b),6208,In_9.3*10^18,undefined,500,,56224,0.0018122,,,,,0.000017786,
4775,10.1103/physrevb.83.195209,4896,1(b),6208,In_9.3*10^18,undefined,550,,39626,0.0016718,,,,,0.000025236,
4775,10.1103/physrevb.83.195209,4896,1(b),6208,In_9.3*10^18,undefined,600,,23029,0.0015315,,,,,0.0000434235,
4775,10.1103/physrevb.83.195209,4896,1(b),6208,In_9.3*10^18,undefined,650,,6431.8,0.0013911,,,,,0.0001554775,
4775,10.1103/physrevb.83.195209,4900,3(b),6208,In_9.3*10^18,undefined,300,,,0.0023736,,,,,,
4775,10.1103/physrevb.83.195209,4896,1(b),6209,In_2.2*10^19,undefined,300,,197820,0.0015757,,,,,0.0000050551,
4775,10.1103/physrevb.83.195209,4896,1(b),6209,In_2.2*10^19,undefined,350,,172410,0.0015684,,,,,0.0000058001,
4775,10.1103/physrevb.83.195209,4896,1(b),6209,In_2.2*10^19,undefined,400,,147000,0.001561,,,,,0.0000068027,
4775,10.1103/physrevb.83.195209,4896,1(b),6209,In_2.2*10^19,undefined,450,,121590,0.0015536,,,,,0.0000082244,
4775,10.1103/physrevb.83.195209,4896,1(b),6209,In_2.2*10^19,undefined,500,,96183,0.0015463,,,,,0.0000103968,
4775,10.1103/physrevb.83.195209,4896,1(b),6209,In_2.2*10^19,undefined,550,,70773,0.0015389,,,,,0.0000141297,
4775,10.1103/physrevb.83.195209,4896,1(b),6209,In_2.2*10^19,undefined,600,,45363,0.0015316,,,,,0.0000220444,
4775,10.1103/physrevb.83.195209,4896,1(b),6209,In_2.2*10^19,undefined,650,,19953,0.0015242,,,,,0.0000501178,
4775,10.1103/physrevb.83.195209,4896,1(b),6210,In_3.0*10^19,undefined,300,,215380,0.0012364,,,,,0.000004643,
4775,10.1103/physrevb.83.195209,4896,1(b),6210,In_3.0*10^19,undefined,350,,195090,0.0012511,,,0.10209,,0.0000051258,
4775,10.1103/physrevb.83.195209,4896,1(b),6210,In_3.0*10^19,undefined,400,,174810,0.0012658,,,0.1729,,0.0000057205,
4775,10.1103/physrevb.83.195209,4896,1(b),6210,In_3.0*10^19,undefined,450,,154530,0.0012805,,,0.24371,,0.0000064712,
4775,10.1103/physrevb.83.195209,4896,1(b),6210,In_3.0*10^19,undefined,500,,134250,0.0012952,,,0.31452,,0.0000074488,
4775,10.1103/physrevb.83.195209,4896,1(b),6210,In_3.0*10^19,undefined,550,,113970,0.0013099,,,0.38533,,0.0000087742,
4775,10.1103/physrevb.83.195209,4896,1(b),6210,In_3.0*10^19,undefined,600,,93688,0.0013246,,,0.45613,,0.0000106737,
4775,10.1103/physrevb.83.195209,4896,1(b),6210,In_3.0*10^19,undefined,650,,73407,0.0013393,,,0.52694,,0.0000136227,
4775,10.1103/physrevb.83.195209,4896,1(b),6210,In_3.0*10^19,undefined,700,,53126,0.001354,,,0.59775,,0.0000188232,
4775,10.1103/physrevb.83.195209,4896,1(b),6210,In_3.0*10^19,undefined,750,,32845,0.0013688,,,0.66856,,0.000030446,
4775,10.1103/physrevb.83.195209,4896,1(b),6210,In_3.0*10^19,undefined,800,,12564,0.0013835,,,0.73937,,0.0000795925,
4775,10.1103/physrevb.83.195209,4896,1(b),6210,In_3.0*10^19,undefined,850,,-7717.2,0.0013982,,,0.81018,,-0.0001295807,
4775,10.1103/physrevb.83.195209,4905,8(b),6210,In_3.0*10^19,undefined,900,,,,,,0.88099,,,
4775,10.1103/physrevb.83.195209,4896,1(b),6211,In_4.5*10^19,undefined,300,,257750,,,,0.10157,,0.0000038797,
4775,10.1103/physrevb.83.195209,4896,1(b),6211,In_4.5*10^19,undefined,350,,236540,0.00075676,,,0.1697,,0.0000042276,
4775,10.1103/physrevb.83.195209,4896,1(b),6211,In_4.5*10^19,undefined,400,,215320,0.00081149,,,0.23783,,0.0000046443,
4775,10.1103/physrevb.83.195209,4896,1(b),6211,In_4.5*10^19,undefined,450,,194100,0.00086622,,,0.30596,,0.000005152,
4775,10.1103/physrevb.83.195209,4896,1(b),6211,In_4.5*10^19,undefined,500,,172880,0.00092095,,,0.37409,,0.0000057844,
4775,10.1103/physrevb.83.195209,4896,1(b),6211,In_4.5*10^19,undefined,550,,151660,0.00097568,,,0.44222,,0.0000065937,
4775,10.1103/physrevb.83.195209,4896,1(b),6211,In_4.5*10^19,undefined,600,,130440,0.0010304,,,0.51036,,0.0000076664,
4775,10.1103/physrevb.83.195209,4896,1(b),6211,In_4.5*10^19,undefined,650,,109220,0.0010851,,,0.57849,,0.0000091558,
4775,10.1103/physrevb.83.195209,4896,1(b),6211,In_4.5*10^19,undefined,700,,88000,0.0011399,,,0.64662,,0.0000113636,
4775,10.1103/physrevb.83.195209,4896,1(b),6211,In_4.5*10^19,undefined,750,,66781,0.0011946,,,0.71475,,0.0000149743,
4775,10.1103/physrevb.83.195209,4896,1(b),6211,In_4.5*10^19,undefined,800,,45562,0.0012493,,,0.78288,,0.0000219481,
4775,10.1103/physrevb.83.195209,4896,1(b),6211,In_4.5*10^19,undefined,850,,24342,0.001304,,,0.85101,,0.0000410813,
4775,10.1103/physrevb.83.195209,4896,1(b),6211,In_4.5*10^19,undefined,900,,3122.9,0.0013588,,,,,0.0003202152,
4775,10.1103/physrevb.83.195209,4896,1(b),6212,In_5.7*10^19,undefined,300,,323430,0.00043253,,,,,0.0000030919,
4775,10.1103/physrevb.83.195209,4896,1(b),6212,In_5.7*10^19,undefined,350,,286500,0.00054253,,,0.088339,,0.0000034904,
4775,10.1103/physrevb.83.195209,4896,1(b),6212,In_5.7*10^19,undefined,400,,249570,0.00065254,,,0.14305,,0.0000040069,
4775,10.1103/physrevb.83.195209,4896,1(b),6212,In_5.7*10^19,undefined,450,,212630,0.00076255,,,0.19775,,0.000004703,
4775,10.1103/physrevb.83.195209,4896,1(b),6212,In_5.7*10^19,undefined,500,,175700,0.00087256,,,0.25246,,0.0000056915,
4775,10.1103/physrevb.83.195209,4896,1(b),6212,In_5.7*10^19,undefined,550,,138770,0.00098256,,,0.30717,,0.0000072062,
4775,10.1103/physrevb.83.195209,4896,1(b),6212,In_5.7*10^19,undefined,600,,101830,0.0010926,,,0.36188,,0.0000098203,
4775,10.1103/physrevb.83.195209,4896,1(b),6212,In_5.7*10^19,undefined,650,,64901,0.0012026,,,0.41659,,0.0000154081,
4775,10.1103/physrevb.83.195209,4898,2(c),6213,Pb_8.8*10^18,undefined,350,,,0.0014952,-0.00013246,2.0155,0.25965,,,0.0007418507
4775,10.1103/physrevb.83.195209,4898,2(c),6213,Pb_8.8*10^18,undefined,400,,,0.0014357,-0.00014774,1.8741,0.30643,,,0.0007660744
4775,10.1103/physrevb.83.195209,4898,2(c),6213,Pb_8.8*10^18,undefined,450,,,0.0013762,-0.00016302,1.7328,0.35739,,,0.0007942059
4775,10.1103/physrevb.83.195209,4898,2(c),6213,Pb_8.8*10^18,undefined,500,,,0.0013167,-0.0001783,1.5915,0.41367,,,0.0008273327
4775,10.1103/physrevb.83.195209,4898,2(c),6213,Pb_8.8*10^18,undefined,550,,,0.0012572,-0.00019358,1.4502,0.4768,,,0.0008669149
4775,10.1103/physrevb.83.195209,4898,2(c),6213,Pb_8.8*10^18,undefined,600,,,0.0011977,-0.00020885,1.3089,0.54903,,,0.0009150432
4775,10.1103/physrevb.83.195209,4898,2(c),6213,Pb_8.8*10^18,undefined,650,,,0.0011382,-0.00022413,1.1676,0.63363,,,0.0009748201
4775,10.1103/physrevb.83.195209,4901,3(c),6213,Pb_8.8*10^18,undefined,300,,,0.0015547,,2.1568,0.21625,,,0.0007208364
4775,10.1103/physrevb.83.195209,4898,2(c),6214,Pb_1.7*10^19,undefined,300,,,,-0.000093163,3.1266,,,,
4775,10.1103/physrevb.83.195209,4898,2(c),6214,Pb_1.7*10^19,undefined,350,,,0.0019578,-0.00010211,2.9805,0.24812,,,0.0006568697
4775,10.1103/physrevb.83.195209,4898,2(c),6214,Pb_1.7*10^19,undefined,400,,,0.0018855,-0.00011106,2.8345,0.29188,,,0.0006651967
4775,10.1103/physrevb.83.195209,4898,2(c),6214,Pb_1.7*10^19,undefined,450,,,0.0018131,-0.00012,2.6884,0.33564,,,0.000674416
4775,10.1103/physrevb.83.195209,4898,2(c),6214,Pb_1.7*10^19,undefined,500,,,0.0017407,-0.00012895,2.5424,0.3794,,,0.000684668
4775,10.1103/physrevb.83.195209,4898,2(c),6214,Pb_1.7*10^19,undefined,550,,,0.0016684,-0.0001379,2.3963,0.42316,,,0.00069624
4775,10.1103/physrevb.83.195209,4898,2(c),6214,Pb_1.7*10^19,undefined,600,,,0.001596,-0.00014684,2.2503,0.46692,,,0.0007092388
4775,10.1103/physrevb.83.195209,4898,2(c),6214,Pb_1.7*10^19,undefined,650,,,0.0015236,-0.00015579,2.1042,0.51067,,,0.0007240757
4775,10.1103/physrevb.83.195209,4898,2(c),6214,Pb_1.7*10^19,undefined,700,,,0.0014513,-0.00016474,1.9582,0.55443,,,0.0007411398
4775,10.1103/physrevb.83.195209,4898,2(c),6214,Pb_1.7*10^19,undefined,750,,,0.0013789,-0.00017368,1.8121,0.59819,,,0.0007609403
4775,10.1103/physrevb.83.195209,4898,2(c),6214,Pb_1.7*10^19,undefined,800,,,0.0013065,-0.00018263,1.6661,0.64195,,,0.0007841666
4775,10.1103/physrevb.83.195209,4898,2(c),6214,Pb_1.7*10^19,undefined,850,,,0.0012342,-0.00019158,1.52,0.68571,,,0.0008119737
4775,10.1103/physrevb.83.195209,4898,2(c),6214,Pb_1.7*10^19,undefined,900,,,0.0011618,-0.00020052,1.374,0.761,,,0.0008455604
4775,10.1103/physrevb.83.195209,4898,2(c),6215,Pb_7.0*10^19,undefined,300,,,,-0.000038261,,,,,
4775,10.1103/physrevb.83.195209,4898,2(c),6215,Pb_7.0*10^19,undefined,350,,,0.00092005,-0.000048531,4.5586,0.057385,,,0.0002018273
4775,10.1103/physrevb.83.195209,4898,2(c),6215,Pb_7.0*10^19,undefined,400,,,0.0010378,-0.000058802,4.137,0.11668,,,0.0002508581
4775,10.1103/physrevb.83.195209,4898,2(c),6215,Pb_7.0*10^19,undefined,450,,,0.0011556,-0.000069072,3.7155,0.17597,,,0.0003110214
4775,10.1103/physrevb.83.195209,4898,2(c),6215,Pb_7.0*10^19,undefined,500,,,0.0012734,-0.000079342,3.2939,0.23527,,,0.0003865934
4775,10.1103/physrevb.83.195209,4898,2(c),6215,Pb_7.0*10^19,undefined,550,,,0.0013912,-0.000089612,2.8724,0.29456,,,0.0004843337
4775,10.1103/physrevb.83.195209,4898,2(c),6215,Pb_7.0*10^19,undefined,600,,,0.001509,-0.000099883,2.4508,0.35386,,,0.0006157173
4775,10.1103/physrevb.83.195209,4898,2(c),6215,Pb_7.0*10^19,undefined,650,,,0.0016268,-0.00011015,2.0293,0.41315,,,0.0008016557
4775,10.1103/physrevb.83.195209,4898,2(c),6216,Pb_9.0*10^19,undefined,300,,,0.00050692,-0.000031058,,,,,
4775,10.1103/physrevb.83.195209,4898,2(c),6216,Pb_9.0*10^19,undefined,350,,,0.00059251,-0.000037784,5.3939,0.025031,,,0.0001098482
4775,10.1103/physrevb.83.195209,4898,2(c),6216,Pb_9.0*10^19,undefined,400,,,0.00067809,-0.000045126,5.0517,0.0541,,,0.0001342301
4775,10.1103/physrevb.83.195209,4898,2(c),6216,Pb_9.0*10^19,undefined,450,,,0.00076368,-0.000053085,4.7095,0.08317,,,0.0001621573
4775,10.1103/physrevb.83.195209,4898,2(c),6216,Pb_9.0*10^19,undefined,500,,,0.00084926,-0.00006166,4.3673,0.11224,,,0.0001944588
4775,10.1103/physrevb.83.195209,4898,2(c),6216,Pb_9.0*10^19,undefined,550,,,0.00093485,-0.000070852,4.0251,0.14131,,,0.0002322551
4775,10.1103/physrevb.83.195209,4898,2(c),6216,Pb_9.0*10^19,undefined,600,,,0.0010204,-0.00008066,3.683,0.17038,,,0.0002770567
4775,10.1103/physrevb.83.195209,4898,2(c),6216,Pb_9.0*10^19,undefined,650,,,0.001106,-0.000091085,3.3408,0.19945,,,0.0003310584
4775,10.1103/physrevb.83.195209,4898,2(c),6216,Pb_9.0*10^19,undefined,700,,,0.0011916,-0.00010213,2.9986,0.27817,,,0.0003973854
4775,10.1103/physrevb.83.195209,4900,3(b),6217,In_6.7*10^19,undefined,300,,,0.0001579,,,,,,
4775,10.1103/physrevb.83.195209,4900,3(b),6217,In_6.7*10^19,undefined,350,,,0.00026244,,,,,,
4775,10.1103/physrevb.83.195209,4900,3(b),6217,In_6.7*10^19,undefined,400,,,0.00036698,,,,,,
4775,10.1103/physrevb.83.195209,4900,3(b),6217,In_6.7*10^19,undefined,450,,,0.00047152,,,,,,
4775,10.1103/physrevb.83.195209,4900,3(b),6217,In_6.7*10^19,undefined,500,,,0.00057606,,,,,,
4775,10.1103/physrevb.83.195209,4900,3(b),6217,In_6.7*10^19,undefined,550,,,0.0006806,,,,,,
4775,10.1103/physrevb.83.195209,4900,3(b),6217,In_6.7*10^19,undefined,600,,,0.00078514,,,,,,
4775,10.1103/physrevb.83.195209,4900,3(b),6217,In_6.7*10^19,undefined,650,,,0.00088969,,,,,,
4775,10.1103/physrevb.83.195209,4900,3(b),6218,In_7.6*10^19,undefined,350,,,0.00033425,,,,,,
4775,10.1103/physrevb.83.195209,4900,3(b),6218,In_7.6*10^19,undefined,400,,,0.00043504,,,,,,
4775,10.1103/physrevb.83.195209,4900,3(b),6218,In_7.6*10^19,undefined,450,,,0.00053582,,,,,,
4775,10.1103/physrevb.83.195209,4900,3(b),6218,In_7.6*10^19,undefined,500,,,0.0006366,,,,,,
4775,10.1103/physrevb.83.195209,4900,3(b),6218,In_7.6*10^19,undefined,550,,,0.00073738,,,,,,
4775,10.1103/physrevb.83.195209,4900,3(b),6218,In_7.6*10^19,undefined,600,,,0.00083816,,,,,,
4775,10.1103/physrevb.83.195209,4900,3(b),6218,In_7.6*10^19,undefined,650,,,0.00093894,,,,,,
4775,10.1103/physrevb.83.195209,4900,3(b),6219,In_8.0*10^19,undefined,300,,,0.000273,,,,,,
4775,10.1103/physrevb.83.195209,4900,3(b),6219,In_8.0*10^19,undefined,350,,,0.00037822,,,,,,
4775,10.1103/physrevb.83.195209,4900,3(b),6219,In_8.0*10^19,undefined,400,,,0.00048344,,,,,,
4775,10.1103/physrevb.83.195209,4900,3(b),6219,In_8.0*10^19,undefined,450,,,0.00058866,,,,,,
4775,10.1103/physrevb.83.195209,4900,3(b),6219,In_8.0*10^19,undefined,500,,,0.00069388,,,,,,
4775,10.1103/physrevb.83.195209,4900,3(b),6219,In_8.0*10^19,undefined,550,,,0.0007991,,,,,,
4775,10.1103/physrevb.83.195209,4900,3(b),6219,In_8.0*10^19,undefined,600,,,0.00090432,,,,,,
4775,10.1103/physrevb.83.195209,4900,3(b),6219,In_8.0*10^19,undefined,650,,,0.0010095,,,,,,
4775,10.1103/physrevb.83.195209,26681,Table 1,33463,PbSe:Ga,PbSe:Ga,,1.4131e+25,,,,,,0.35,,
4775,10.1103/physrevb.83.195209,26681,Table 1,33463,PbSe:Ga,PbSe:Ga,,1.7361e+25,,,,,,0.4,,
4775,10.1103/physrevb.83.195209,26681,Table 1,33463,PbSe:Ga,PbSe:Ga,,2.0591e+25,,,,,,0.45,,
4775,10.1103/physrevb.83.195209,26681,Table 1,33463,PbSe:Ga,PbSe:Ga,,2.3822e+25,,,,,,0.5,,
4775,10.1103/physrevb.83.195209,26681,Table 1,33463,PbSe:Ga,PbSe:Ga,,2.7052e+25,,,,,,0.55,,
4775,10.1103/physrevb.83.195209,26681,Table 1,33463,PbSe:Ga,PbSe:Ga,,3.0282e+25,,,,,,0.6,,
4775,10.1103/physrevb.83.195209,26681,Table 1,33463,PbSe:Ga,PbSe:Ga,,3.3512e+25,,,,,,0.65,,
4775,10.1103/physrevb.83.195209,26681,Table 1,33463,PbSe:Ga,PbSe:Ga,,3.6742e+25,,,,,,0.7,,
4775,10.1103/physrevb.83.195209,26681,Table 1,33463,PbSe:Ga,PbSe:Ga,,3.9973e+25,,,,,,0.75,,
4775,10.1103/physrevb.83.195209,26681,Table 1,33463,PbSe:Ga,PbSe:Ga,,4.3203e+25,,,,,,0.8,,
4775,10.1103/physrevb.83.195209,26681,Table 1,33463,PbSe:Ga,PbSe:Ga,,4.6433e+25,,,,,,0.85,,
4775,10.1103/physrevb.83.195209,26681,Table 1,33463,PbSe:Ga,PbSe:Ga,,4.9663e+25,,,,,,0.9,,
4775,10.1103/physrevb.83.195209,26681,Table 1,33463,PbSe:Ga,PbSe:Ga,,5.2894e+25,,,,,,0.95,,
4775,10.1103/physrevb.83.195209,26681,Table 1,33463,PbSe:Ga,PbSe:Ga,,5.6124e+25,,,,,,1,,
4775,10.1103/physrevb.83.195209,26681,Table 1,33463,PbSe:Ga,PbSe:Ga,,5.9354e+25,,,,,,1.05,,
4775,10.1103/physrevb.83.195209,26681,Table 1,33463,PbSe:Ga,PbSe:Ga,,6.2584e+25,,,,,,1.1,,
4775,10.1103/physrevb.83.195209,26681,Table 1,33463,PbSe:Ga,PbSe:Ga,,6.5814e+25,,,,,,1.15,,
4775,10.1103/physrevb.83.195209,26681,Table 1,33463,PbSe:Ga,PbSe:Ga,,6.9045e+25,,,,,,1.2,,
4775,10.1103/physrevb.83.195209,26681,Table 1,33463,PbSe:Ga,PbSe:Ga,,7.2275e+25,,,,,,1.25,,
4775,10.1103/physrevb.83.195209,26681,Table 1,33463,PbSe:Ga,PbSe:Ga,,7.5505e+25,,,,,,1.3,,
4775,10.1103/physrevb.83.195209,26681,Table 1,33463,PbSe:Ga,PbSe:Ga,,7.8735e+25,,,,,,1.35,,
4775,10.1103/physrevb.83.195209,26681,Table 1,33463,PbSe:Ga,PbSe:Ga,,8.1966e+25,,,,,,1.4,,
4775,10.1103/physrevb.83.195209,26681,Table 1,33463,PbSe:Ga,PbSe:Ga,,8.5196e+25,,,,,,1.45,,
4775,10.1103/physrevb.83.195209,26681,Table 1,33463,PbSe:Ga,PbSe:Ga,,8.8426e+25,,,,,,1.5,,
4775,10.1103/physrevb.83.195209,26681,Table 1,33463,PbSe:Ga,PbSe:Ga,,9.1656e+25,,,,,,1.55,,
4775,10.1103/physrevb.83.195209,26681,Table 1,33463,PbSe:Ga,PbSe:Ga,,9.4886e+25,,,,,,1.6,,
4775,10.1103/physrevb.83.195209,26681,Table 1,33463,PbSe:Ga,PbSe:Ga,,9.8117e+25,,,,,,1.65,,
4775,10.1103/physrevb.83.195209,26681,Table 1,33463,PbSe:Ga,PbSe:Ga,,1.0135e+26,,,,,,1.7,,
4775,10.1103/physrevb.83.195209,26681,Table 1,33463,PbSe:Ga,PbSe:Ga,,1.0458e+26,,,,,,1.75,,
4775,10.1103/physrevb.83.195209,26681,Table 1,33463,PbSe:Ga,PbSe:Ga,,1.0781e+26,,,,,,1.8,,
4775,10.1103/physrevb.83.195209,26681,Table 1,33463,PbSe:Ga,PbSe:Ga,,1.1104e+26,,,,,,1.85,,
4775,10.1103/physrevb.83.195209,26681,Table 1,33463,PbSe:Ga,PbSe:Ga,,1.1427e+26,,,,,,1.9,,
4775,10.1103/physrevb.83.195209,26681,Table 1,33463,PbSe:Ga,PbSe:Ga,,1.175e+26,,,,,,1.95,,
4775,10.1103/physrevb.83.195209,26681,Table 1,33464,PbSe:In,PbSe:In,,3.1243e+25,,,,,,0.35,,
4775,10.1103/physrevb.83.195209,26681,Table 1,33464,PbSe:In,PbSe:In,,3.2275e+25,,,,,,0.4,,
4775,10.1103/physrevb.83.195209,26681,Table 1,33464,PbSe:In,PbSe:In,,3.3308e+25,,,,,,0.45,,
4775,10.1103/physrevb.83.195209,26681,Table 1,33464,PbSe:In,PbSe:In,,3.4341e+25,,,,,,0.5,,
4775,10.1103/physrevb.83.195209,26681,Table 1,33464,PbSe:In,PbSe:In,,3.5374e+25,,,,,,0.55,,
4775,10.1103/physrevb.83.195209,26681,Table 1,33464,PbSe:In,PbSe:In,,3.6407e+25,,,,,,0.6,,
4775,10.1103/physrevb.83.195209,26681,Table 1,33464,PbSe:In,PbSe:In,,3.7439e+25,,,,,,0.65,,
4775,10.1103/physrevb.83.195209,26681,Table 1,33464,PbSe:In,PbSe:In,,3.8472e+25,,,,,,0.7,,
4775,10.1103/physrevb.83.195209,26681,Table 1,33464,PbSe:In,PbSe:In,,3.9505e+25,,,,,,0.75,,
4775,10.1103/physrevb.83.195209,26681,Table 1,33464,PbSe:In,PbSe:In,,4.0538e+25,,,,,,0.8,,
4775,10.1103/physrevb.83.195209,26681,Table 1,33464,PbSe:In,PbSe:In,,4.157e+25,,,,,,0.85,,
4775,10.1103/physrevb.83.195209,26681,Table 1,33464,PbSe:In,PbSe:In,,4.2603e+25,,,,,,0.9,,
4775,10.1103/physrevb.83.195209,26681,Table 1,33464,PbSe:In,PbSe:In,,4.3636e+25,,,,,,0.95,,
4775,10.1103/physrevb.83.195209,26681,Table 1,33464,PbSe:In,PbSe:In,,4.4669e+25,,,,,,1,,
4775,10.1103/physrevb.83.195209,26681,Table 1,33464,PbSe:In,PbSe:In,,4.5702e+25,,,,,,1.05,,
4775,10.1103/physrevb.83.195209,26681,Table 1,33464,PbSe:In,PbSe:In,,4.6734e+25,,,,,,1.1,,
4775,10.1103/physrevb.83.195209,26681,Table 1,33464,PbSe:In,PbSe:In,,4.7767e+25,,,,,,1.15,,
4775,10.1103/physrevb.83.195209,26681,Table 1,33464,PbSe:In,PbSe:In,,4.88e+25,,,,,,1.2,,
4775,10.1103/physrevb.83.195209,26681,Table 1,33464,PbSe:In,PbSe:In,,4.9833e+25,,,,,,1.25,,
4775,10.1103/physrevb.83.195209,26681,Table 1,33464,PbSe:In,PbSe:In,,5.0866e+25,,,,,,1.3,,
4775,10.1103/physrevb.83.195209,26681,Table 1,33464,PbSe:In,PbSe:In,,5.1898e+25,,,,,,1.35,,
4775,10.1103/physrevb.83.195209,26681,Table 1,33464,PbSe:In,PbSe:In,,5.2931e+25,,,,,,1.4,,
4775,10.1103/physrevb.83.195209,26681,Table 1,33464,PbSe:In,PbSe:In,,5.3964e+25,,,,,,1.45,,
4775,10.1103/physrevb.83.195209,26681,Table 1,33464,PbSe:In,PbSe:In,,5.4997e+25,,,,,,1.5,,
4775,10.1103/physrevb.83.195209,26681,Table 1,33464,PbSe:In,PbSe:In,,5.603e+25,,,,,,1.55,,
4775,10.1103/physrevb.83.195209,26681,Table 1,33464,PbSe:In,PbSe:In,,5.7062e+25,,,,,,1.6,,
4775,10.1103/physrevb.83.195209,26681,Table 1,33464,PbSe:In,PbSe:In,,5.8095e+25,,,,,,1.65,,
4775,10.1103/physrevb.83.195209,26681,Table 1,33464,PbSe:In,PbSe:In,,5.9128e+25,,,,,,1.7,,
4775,10.1103/physrevb.83.195209,26681,Table 1,33464,PbSe:In,PbSe:In,,6.0161e+25,,,,,,1.75,,
4775,10.1103/physrevb.83.195209,26681,Table 1,33464,PbSe:In,PbSe:In,,6.1193e+25,,,,,,1.8,,
4775,10.1103/physrevb.83.195209,26681,Table 1,33464,PbSe:In,PbSe:In,,6.2226e+25,,,,,,1.85,,
4775,10.1103/physrevb.83.195209,26681,Table 1,33464,PbSe:In,PbSe:In,,6.3259e+25,,,,,,1.9,,
4775,10.1103/physrevb.83.195209,26681,Table 1,33464,PbSe:In,PbSe:In,,6.4292e+25,,,,,,1.95,,
4775,10.1103/physrevb.83.195209,26681,Table 1,33464,PbSe:In,PbSe:In,,6.5325e+25,,,,,,2,,
4775,10.1103/physrevb.83.195209,26681,Table 1,33464,PbSe:In,PbSe:In,,6.6357e+25,,,,,,2.05,,
4775,10.1103/physrevb.83.195209,26681,Table 1,33464,PbSe:In,PbSe:In,,6.739e+25,,,,,,2.1,,
4775,10.1103/physrevb.83.195209,26681,Table 1,33464,PbSe:In,PbSe:In,,6.8423e+25,,,,,,2.15,,
4775,10.1103/physrevb.83.195209,26681,Table 1,33464,PbSe:In,PbSe:In,,6.9456e+25,,,,,,2.2,,
4775,10.1103/physrevb.83.195209,26681,Table 1,33464,PbSe:In,PbSe:In,,7.0489e+25,,,,,,2.25,,
4775,10.1103/physrevb.83.195209,26681,Table 1,33464,PbSe:In,PbSe:In,,7.1521e+25,,,,,,2.3,,
4775,10.1103/physrevb.83.195209,26681,Table 1,33464,PbSe:In,PbSe:In,,7.2554e+25,,,,,,2.35,,
4775,10.1103/physrevb.83.195209,26681,Table 1,33464,PbSe:In,PbSe:In,,7.3587e+25,,,,,,2.4,,
4775,10.1103/physrevb.83.195209,26681,Table 1,33464,PbSe:In,PbSe:In,,7.462e+25,,,,,,2.45,,
4775,10.1103/physrevb.83.195209,26681,Table 1,33464,PbSe:In,PbSe:In,,7.5652e+25,,,,,,2.5,,
4775,10.1103/physrevb.83.195209,26681,Table 1,33464,PbSe:In,PbSe:In,,7.6685e+25,,,,,,2.55,,
4775,10.1103/physrevb.83.195209,26681,Table 1,33464,PbSe:In,PbSe:In,,7.7718e+25,,,,,,2.6,,
4775,10.1103/physrevb.83.195209,26681,Table 1,33464,PbSe:In,PbSe:In,,7.8751e+25,,,,,,2.65,,
4775,10.1103/physrevb.83.195209,26681,Table 1,33464,PbSe:In,PbSe:In,,7.9784e+25,,,,,,2.7,,
4775,10.1103/physrevb.83.195209,26681,Table 1,33464,PbSe:In,PbSe:In,,8.0816e+25,,,,,,2.75,,
4775,10.1103/physrevb.83.195209,26681,Table 1,33464,PbSe:In,PbSe:In,,8.1849e+25,,,,,,2.8,,
4775,10.1103/physrevb.83.195209,26681,Table 1,33464,PbSe:In,PbSe:In,,8.2882e+25,,,,,,2.85,,
4775,10.1103/physrevb.83.195209,26681,Table 1,33464,PbSe:In,PbSe:In,,8.3915e+25,,,,,,2.9,,
4775,10.1103/physrevb.83.195209,26681,Table 1,33464,PbSe:In,PbSe:In,,8.4948e+25,,,,,,2.95,,
4775,10.1103/physrevb.83.195209,26681,Table 1,33465,PbSe:Pb,PbSe:Pb,,2.3215e+25,,,,,,0.35,,
4775,10.1103/physrevb.83.195209,26681,Table 1,33465,PbSe:Pb,PbSe:Pb,,2.4834e+25,,,,,,0.4,,
4775,10.1103/physrevb.83.195209,26681,Table 1,33465,PbSe:Pb,PbSe:Pb,,2.6452e+25,,,,,,0.45,,
4775,10.1103/physrevb.83.195209,26681,Table 1,33465,PbSe:Pb,PbSe:Pb,,2.8071e+25,,,,,,0.5,,
4775,10.1103/physrevb.83.195209,26681,Table 1,33465,PbSe:Pb,PbSe:Pb,,2.969e+25,,,,,,0.55,,
4775,10.1103/physrevb.83.195209,26681,Table 1,33465,PbSe:Pb,PbSe:Pb,,3.1308e+25,,,,,,0.6,,
4775,10.1103/physrevb.83.195209,26681,Table 1,33465,PbSe:Pb,PbSe:Pb,,3.2927e+25,,,,,,0.65,,
4775,10.1103/physrevb.83.195209,26681,Table 1,33465,PbSe:Pb,PbSe:Pb,,3.4546e+25,,,,,,0.7,,
4775,10.1103/physrevb.83.195209,26681,Table 1,33465,PbSe:Pb,PbSe:Pb,,3.6164e+25,,,,,,0.75,,
4775,10.1103/physrevb.83.195209,26681,Table 1,33465,PbSe:Pb,PbSe:Pb,,3.7783e+25,,,,,,0.8,,
4775,10.1103/physrevb.83.195209,26681,Table 1,33465,PbSe:Pb,PbSe:Pb,,3.9402e+25,,,,,,0.85,,
4775,10.1103/physrevb.83.195209,26681,Table 1,33465,PbSe:Pb,PbSe:Pb,,4.102e+25,,,,,,0.9,,
4775,10.1103/physrevb.83.195209,26681,Table 1,33465,PbSe:Pb,PbSe:Pb,,4.2639e+25,,,,,,0.95,,
4775,10.1103/physrevb.83.195209,26681,Table 1,33465,PbSe:Pb,PbSe:Pb,,4.4258e+25,,,,,,1,,
4775,10.1103/physrevb.83.195209,26681,Table 1,33465,PbSe:Pb,PbSe:Pb,,4.5876e+25,,,,,,1.05,,
4775,10.1103/physrevb.83.195209,26681,Table 1,33465,PbSe:Pb,PbSe:Pb,,4.7495e+25,,,,,,1.1,,
4775,10.1103/physrevb.83.195209,26681,Table 1,33465,PbSe:Pb,PbSe:Pb,,4.9114e+25,,,,,,1.15,,
4775,10.1103/physrevb.83.195209,26681,Table 1,33465,PbSe:Pb,PbSe:Pb,,5.0732e+25,,,,,,1.2,,
4775,10.1103/physrevb.83.195209,26681,Table 1,33465,PbSe:Pb,PbSe:Pb,,5.2351e+25,,,,,,1.25,,
4775,10.1103/physrevb.83.195209,26681,Table 1,33465,PbSe:Pb,PbSe:Pb,,5.397e+25,,,,,,1.3,,
4775,10.1103/physrevb.83.195209,26681,Table 1,33465,PbSe:Pb,PbSe:Pb,,5.5588e+25,,,,,,1.35,,
4775,10.1103/physrevb.83.195209,26681,Table 1,33465,PbSe:Pb,PbSe:Pb,,5.7207e+25,,,,,,1.4,,
4775,10.1103/physrevb.83.195209,26681,Table 1,33465,PbSe:Pb,PbSe:Pb,,5.8826e+25,,,,,,1.45,,
4775,10.1103/physrevb.83.195209,26681,Table 1,33465,PbSe:Pb,PbSe:Pb,,6.0444e+25,,,,,,1.5,,
4775,10.1103/physrevb.83.195209,26681,Table 1,33465,PbSe:Pb,PbSe:Pb,,6.2063e+25,,,,,,1.55,,
4775,10.1103/physrevb.83.195209,26681,Table 1,33465,PbSe:Pb,PbSe:Pb,,6.3682e+25,,,,,,1.6,,
4775,10.1103/physrevb.83.195209,26681,Table 1,33465,PbSe:Pb,PbSe:Pb,,6.53e+25,,,,,,1.65,,
4775,10.1103/physrevb.83.195209,26681,Table 1,33465,PbSe:Pb,PbSe:Pb,,6.6919e+25,,,,,,1.7,,
4775,10.1103/physrevb.83.195209,26681,Table 1,33465,PbSe:Pb,PbSe:Pb,,6.8538e+25,,,,,,1.75,,
4775,10.1103/physrevb.83.195209,26681,Table 1,33465,PbSe:Pb,PbSe:Pb,,7.0156e+25,,,,,,1.8,,
4775,10.1103/physrevb.83.195209,26681,Table 1,33465,PbSe:Pb,PbSe:Pb,,7.1775e+25,,,,,,1.85,,
4775,10.1103/physrevb.83.195209,26681,Table 1,33465,PbSe:Pb,PbSe:Pb,,7.3394e+25,,,,,,1.9,,
4775,10.1103/physrevb.83.195209,26681,Table 1,33465,PbSe:Pb,PbSe:Pb,,7.5012e+25,,,,,,1.95,,